FullGeoName,key_plot_id,source,sewershed,location,sample_collect_date,first_sample_collect_date,submission_date,population_served,pos_samples,total_samples,percent_detections,pcr_target_detect_cat,latitude,longitude,pcr_target,counties,jurisdiction
,CDC_VERILY_ak_2633_Treatment plant_post grit removal,CDC_VERILY,ID:2633,Treatment plant,2024-07-22,2024-01-22,,23000,0,7,0.0,No detection,61.310011,-149.431158,nvo,Anchorage,Alaska
,CDC_VERILY_ca_2684_Treatment plant_post grit removal,CDC_VERILY,ID:2684,Treatment plant,2024-07-16,2024-03-10,2024-07-19T05:15:44.120Z,70000,0,12,0.0,No detection,37.049748,-122.108926,nvo,Santa Cruz,California
,WWS_ca_1669_Treatment plant_post grit removal,WWS,ID:1669,Treatment plant,2024-07-16,2022-08-22,2024-07-21T01:16:01.201Z,104250,0,6,0.0,No detection,37.968708,-122.51040599999999,hmpxv clade ii,Marin,California
,NWSS_tx_2810_Treatment plant_raw wastewater,NWSS,ID:2810,Treatment plant,2024-07-10,2024-06-04,2024-07-16T13:51:09.000Z,125000,0,2,0.0,No recent data,32.332577,-99.81353,hmpxv clade i,Taylor,Texas
,WWS_ca_1685_Treatment plant_primary sludge,WWS,ID:1685,Treatment plant,2024-06-27,2022-07-12,2024-06-30T01:20:03.399Z,740000,0,1,0.0,No recent data,37.810247,-122.29405999999999,hmpxv clade ii,Alameda,California
,WWS_ca_362_Treatment plant_primary sludge,WWS,ID:362,Treatment plant,2024-07-20,2023-02-20,2024-07-23T01:24:21.131Z,250000,0,23,0.0,No detection,37.734191,-122.493683,hmpxv clade ii,"San Francisco, San Mateo",California
,WWS_tx_865_Treatment plant_post grit removal,WWS,ID:865 -B,Treatment plant,2024-07-17,2022-12-12,2024-07-21T01:16:01.201Z,120000,0,9,0.0,No detection,27.398679,-99.468054,hmpxv clade ii,Webb,Texas
,WWS_ca_1371_Treatment plant_post grit removal,WWS,ID:1371,Treatment plant,2024-06-28,2022-12-02,2024-07-07T01:25:43.911Z,42000,0,2,0.0,No recent data,37.108168,-120.84435900000001,hmpxv clade ii,Merced,California
,NWSS_il_635_Before treatment plant_16_raw wastewater,NWSS,ID:635 -U3,Before treatment plant,2024-06-24,2023-02-27,2024-06-28T13:56:04.000Z,23475,0,4,0.0,No recent data,41.822328999999996,-87.6906,hmpxv clade ii,Cook,Illinois
,CDC_VERILY_ca_1173_Treatment plant_post grit removal,CDC_VERILY,ID:1173,Treatment plant,2024-07-18,2024-02-06,2024-07-20T20:49:02.968Z,495000,0,7,0.0,No detection,37.986301,-122.146176,nvo,Contra Costa,California
,CDC_VERILY_hi_1205_Treatment plant_post grit removal,CDC_VERILY,ID:1205,Treatment plant,2024-07-16,2022-11-29,2024-07-20T20:49:02.968Z,46800,0,6,0.0,No detection,20.728982,-156.48027499999998,nvo,Maui,Hawaii
,WWS_tx_1947_Treatment plant_post grit removal,WWS,ID:1947,Treatment plant,2024-07-17,2023-02-20,2024-07-21T01:16:01.201Z,65000,0,9,0.0,No detection,30.148191999999998,-95.48181600000001,hmpxv clade ii,Montgomery,Texas
,WWS_ca_1888_Treatment plant_post grit removal,WWS,ID:1888,Treatment plant,2024-07-17,2022-08-11,2024-07-21T01:16:01.201Z,230000,0,9,0.0,No detection,38.387713000000005,-122.734009,hmpxv clade ii,Sonoma,California
,WWS_in_1739_Treatment plant_post grit removal,WWS,ID:1739,Treatment plant,2024-07-17,2022-10-26,2024-07-21T01:16:01.201Z,25000,0,9,0.0,No detection,38.413189,-85.71938800000001,hmpxv clade ii,Clark,Indiana
,WWS_ca_1913_Treatment plant_post grit removal,WWS,ID:1913,Treatment plant,2024-07-17,2022-12-02,2024-07-21T01:16:01.201Z,59000,0,8,0.0,No detection,38.689295,-121.71727299999999,hmpxv clade ii,Yolo,California
,WWS_nj_2107_Treatment plant_post grit removal,WWS,ID:2107,Treatment plant,2024-07-17,2023-03-13,2024-07-21T01:16:01.201Z,50000,0,9,0.0,No detection,39.37452,-75.15146,hmpxv clade ii,Cumberland,New Jersey
,WWS_fl_2358_Treatment plant_post grit removal,WWS,ID:2358,Treatment plant,2024-07-17,2023-08-07,2024-07-21T01:16:01.201Z,89847,0,9,0.0,No detection,27.868761,-82.63606899999999,hmpxv clade ii,Pinellas,Florida
,WWS_ms_2479_Treatment plant_post grit removal,WWS,ID:2479,Treatment plant,2024-07-17,2023-11-13,2024-07-21T01:16:01.201Z,19008,0,9,0.0,No detection,30.426716000000003,-88.65478999999999,hmpxv clade ii,Jackson,Mississippi
,WWS_ga_1740_Treatment plant_post grit removal,WWS,ID:1740,Treatment plant,2024-07-14,2022-10-30,2024-07-19T01:21:14.107Z,294660,0,8,0.0,No detection,33.793685,-84.433858,hmpxv clade ii,Fulton,Georgia
,WWS_ga_1741_Treatment plant_post grit removal,WWS,ID:1741,Treatment plant,2024-07-14,2022-10-30,2024-07-19T01:21:14.107Z,105160,0,8,0.0,No detection,33.688137,-84.38240499999999,hmpxv clade ii,Fulton,Georgia
,NWSS_nj_2378_Treatment plant_raw wastewater,NWSS,ID:2378,Treatment plant,2024-07-11,2023-08-09,2024-07-23T16:03:29.000Z,7751,0,5,0.0,No detection,41.078041999999996,-74.797898,hmpxv,Sussex,New Jersey
,CDC_VERILY_va_2483_Treatment plant_post grit removal,CDC_VERILY,ID:2483,Treatment plant,2024-07-18,2023-11-15,2024-07-20T20:49:02.968Z,33458,0,5,0.0,No detection,37.208529999999996,-77.38189299999999,nvo,Petersburg City,Virginia
,NWSS_wa_2420_Treatment plant_post grit removal,NWSS,ID:2420,Treatment plant,2024-07-09,2023-09-19,2024-07-17T16:15:19.000Z,789000,0,4,0.0,No detection,47.783314999999995,-122.272256,hmpxv,"King, Snohomish",Washington
,CDC_VERILY_ca_2537_Treatment plant_post grit removal,CDC_VERILY,ID:2537,Treatment plant,2024-07-17,2023-12-18,2024-07-23T06:50:02.960Z,60000,0,6,0.0,No detection,36.98357,-121.75612,nvo,"Santa Cruz, Monterey",California
,CDC_VERILY_hi_2679_Treatment plant_post grit removal,CDC_VERILY,ID:2679,Treatment plant,2024-07-16,2024-02-27,2024-07-20T20:49:02.968Z,58900,0,6,0.0,No detection,20.871204,-156.257486,nvo,Maui,Hawaii
,WWS_ca_1946_Treatment plant_primary sludge,WWS,ID:1946,Treatment plant,2024-07-20,2023-02-20,2024-07-23T01:24:21.131Z,153000,2,24,8.333,Intermittent detection,37.180876000000005,-121.705207,hmpxv clade ii,Santa Clara,California
,WWS_nh_1706_Treatment plant_post grit removal,WWS,ID:1706,Treatment plant,2024-06-26,2022-10-12,2024-06-30T01:20:03.399Z,4000,0,11,0.0,No recent data,43.279734000000005,-71.669603,hmpxv clade ii,Merrimack,New Hampshire
,CDC_VERILY_me_2511_Treatment plant_post grit removal,CDC_VERILY,ID:2511,Treatment plant,2024-07-17,2023-12-04,2024-07-20T20:49:02.968Z,16000,0,4,0.0,No detection,43.544176,-70.644539,nvo,York,Maine
,CDC_VERILY_ma_2539_Treatment plant_raw wastewater,CDC_VERILY,ID:2539,Treatment plant,2024-07-18,2023-12-26,2024-07-20T21:49:17.392Z,228285,0,6,0.0,No detection,42.435756,-71.45816500000001,nvo,Middlesex,Massachusetts
,WWS_vt_2613_Treatment plant_primary sludge,WWS,ID:2613,Treatment plant,2024-07-18,2023-03-06,2024-07-21T01:16:01.201Z,10100,0,9,0.0,No detection,44.25689,-72.613619,hmpxv clade ii,Washington,Vermont
,CDC_VERILY_va_2695_Treatment plant_post grit removal,CDC_VERILY,ID:2695,Treatment plant,2024-07-18,2024-03-21,2024-07-20T21:49:17.392Z,15000,0,7,0.0,No detection,37.650895000000006,-79.875047,nvo,Alleghany,Virginia
,WWS_ks_1710_Treatment plant_primary sludge,WWS,ID:1710,Treatment plant,2024-07-17,2022-08-08,2024-07-21T01:16:01.201Z,47000,0,9,0.0,No detection,38.826553,-97.641273,hmpxv clade ii,Saline,Kansas
,CDC_VERILY_nm_2492_Treatment plant_post grit removal,CDC_VERILY,ID:2492,Treatment plant,2024-07-22,2023-11-27,2024-07-24T05:51:15.286Z,87000,0,3,0.0,No detection,35.697464000000004,-105.94802299999999,nvo,Santa Fe,New Mexico
,CDC_VERILY_fl_2749_Treatment plant_raw wastewater,CDC_VERILY,ID:2749,Treatment plant,2024-07-22,2024-04-29,2024-07-24T05:20:17.101Z,43023,0,8,0.0,No detection,25.952059000000002,-80.140627,nvo,Miami,Indiana
,CDC_VERILY_sc_2677_Treatment plant_post grit removal,CDC_VERILY,ID:2677,Treatment plant,2024-07-18,2024-01-09,2024-07-20T21:49:17.392Z,48000,0,6,0.0,No detection,34.107889,-82.13438099999999,nvo,Greenwood,South Carolina
,CDC_VERILY_fl_2752_Treatment plant_post grit removal,CDC_VERILY,ID:2752,Treatment plant,2024-07-21,2024-05-05,2024-07-24T05:51:15.286Z,750000,0,7,0.0,No detection,25.699858,-80.171055,nvo,Miami-Dade,Florida
,NWSS_wa_1399_Treatment plant_raw wastewater,NWSS,ID:1399,Treatment plant,2024-07-10,2022-10-24,2024-07-17T16:15:19.000Z,10000,0,4,0.0,No detection,48.017052,-122.842003,hmpxv,Jefferson,Washington
,CDC_VERILY_ca_2741_Treatment plant_post grit removal,CDC_VERILY,ID:2741,Treatment plant,2024-07-18,2024-04-23,2024-07-20T20:49:02.968Z,13754,0,7,0.0,No detection,39.118626,-121.122016,nvo,Nevada,California
,NWSS_wa_753_Treatment plant_raw wastewater,NWSS,ID:753,Treatment plant,2024-07-12,2022-10-24,2024-07-17T16:15:19.000Z,73000,0,5,0.0,No detection,46.42106,-118.89920699999999,hmpxv,Franklin,Washington
,CDC_VERILY_ca_1593_Treatment plant_raw wastewater,CDC_VERILY,ID:1593,Treatment plant,2024-07-18,2022-12-19,2024-07-20T21:49:17.392Z,6031,0,6,0.0,No detection,35.598667999999996,-120.949854,nvo,San Luis Obispo,California
,WWS_ia_1867_Treatment plant_post grit removal,WWS,ID:1867,Treatment plant,2024-07-17,2023-01-23,2024-07-21T01:16:01.201Z,23000,0,9,0.0,No detection,41.689742,-91.6246,hmpxv clade ii,Johnson,Iowa
,CDC_VERILY_tx_2682_Treatment plant_raw wastewater,CDC_VERILY,ID:2682,Treatment plant,2024-06-04,2024-03-05,2024-06-08T19:09:59.095Z,13487,0,2,0.0,No recent data,32.366696999999995,-102.527415,nvo,Andrews,Texas
,NWSS_nc_335_Treatment plant_raw wastewater,NWSS,ID:335,Treatment plant,2024-06-06,2023-12-21,2024-06-14T16:25:16.000Z,7776,0,2,0.0,No recent data,35.874739999999996,-78.361542,nvo,Wake,North Carolina
,CDC_VERILY_fl_670_Treatment plant_raw wastewater,CDC_VERILY,ID:670,Treatment plant,2024-07-21,2024-01-07,2024-07-24T05:51:15.286Z,59587,0,5,0.0,No detection,28.629585000000002,-81.48156300000001,nvo,Orange,Florida
,NWSS_wa_1620_Treatment plant_raw wastewater,NWSS,ID:1620,Treatment plant,2024-07-11,2022-10-23,2024-07-17T16:15:19.000Z,33000,0,4,0.0,No detection,46.1461,-118.28600700000001,hmpxv,Walla Walla,Washington
,CDC_VERILY_nc_2641_Treatment plant_post grit removal,CDC_VERILY,ID:2641,Treatment plant,2024-07-17,2024-01-17,2024-07-20T20:49:02.968Z,10000,0,4,0.0,No detection,35.499641,-83.34205999999999,nvo,"Swain, Jackson",North Carolina
,CDC_VERILY_tx_1141_Treatment plant_raw wastewater,CDC_VERILY,ID:1141,Treatment plant,2024-07-18,2022-10-17,2024-07-20T21:49:17.392Z,529541,0,6,0.0,No detection,30.281627999999998,-97.618871,nvo,Travis,Texas
,WWS_hi_1203_Treatment plant_post grit removal,WWS,ID:1203 -B,Treatment plant,2024-07-17,2023-06-26,2024-07-21T01:16:01.201Z,300000,0,9,0.0,No detection,21.34447,-158.02375,hmpxv clade ii,Honolulu,Hawaii
,WWS_ga_1742_Treatment plant_post grit removal,WWS,ID:1742,Treatment plant,2024-07-14,2022-10-30,2024-07-19T01:21:14.107Z,70887,0,8,0.0,No detection,33.729541,-84.542782,hmpxv clade ii,Fulton,Georgia
,WWS_me_2002_Treatment plant_post grit removal,WWS,ID:2002,Treatment plant,2024-06-06,2023-01-18,2024-06-16T01:21:58.343Z,10000,0,4,0.0,No recent data,43.207314000000004,-70.72249000000001,hmpxv clade ii,York,Maine
,WWS_nh_497_Treatment plant_post grit removal,WWS,ID:497 -B,Treatment plant,2024-06-26,2022-10-12,2024-06-30T01:20:03.399Z,45000,0,11,0.0,No recent data,43.238234,-71.536781,hmpxv clade ii,Merrimack,New Hampshire
,CDC_VERILY_ca_834_Treatment plant_post grit removal,CDC_VERILY,ID:834 -A,Treatment plant,2024-07-17,2022-10-31,2024-07-20T20:49:02.968Z,91980,0,6,0.0,No detection,33.723961,-116.037785,nvo,Riverside,California
,WWS_tx_867_Treatment plant_post grit removal,WWS,ID:867 -B,Treatment plant,2024-07-17,2022-12-12,2024-07-21T01:16:01.201Z,140000,0,9,0.0,No detection,27.527599000000002,-99.485438,hmpxv clade ii,Webb,Texas
,CDC_VERILY_fl_2503_Treatment plant_post grit removal,CDC_VERILY,ID:2503,Treatment plant,2024-07-18,2023-11-27,2024-07-20T20:49:02.968Z,207000,0,5,0.0,No detection,30.675799,-87.360015,nvo,Escambia,Florida
,CDC_VERILY_nc_2565_Treatment plant_post grit removal,CDC_VERILY,ID:2565,Treatment plant,2024-07-18,2024-01-02,2024-07-20T20:49:02.968Z,26000,0,6,0.0,No detection,36.224196,-81.711264,nvo,Watauga,North Carolina
,WWS_vt_2599_Treatment plant_primary sludge,WWS,ID:2599,Treatment plant,2024-07-17,2023-03-03,2024-07-21T01:16:01.201Z,30000,0,9,0.0,No detection,44.473637999999994,-73.029311,hmpxv clade ii,Chittenden,Vermont
,WWS_ks_1811_Treatment plant_post grit removal,WWS,ID:1811,Treatment plant,2024-07-11,2023-01-10,2024-07-16T01:15:18.432Z,35000,0,6,0.0,No detection,39.080874,-94.787193,hmpxv clade ii,Wyandotte,Kansas
,WWS_ca_1713_Treatment plant_primary sludge,WWS,ID:1713,Treatment plant,2024-07-17,2022-09-26,2024-07-21T01:16:01.201Z,83300,0,9,0.0,No detection,38.522638,-122.303121,hmpxv clade ii,Napa,California
,WWS_tx_1762_Treatment plant_post grit removal,WWS,ID:1762,Treatment plant,2024-07-16,2022-12-04,2024-07-21T01:16:01.201Z,140000,0,9,0.0,No detection,35.271947,-101.737446,hmpxv clade ii,"Randall, Potter",Texas
,WWS_ca_2600_Treatment plant_primary sludge,WWS,ID:2600,Treatment plant,2024-06-28,2023-03-06,2024-07-07T01:25:43.911Z,67944,0,1,0.0,No recent data,36.932526,-120.173463,hmpxv clade ii,Madera,California
,WWS_ma_1780_Treatment plant_primary sludge,WWS,ID:1780,Treatment plant,2024-07-17,2022-12-12,2024-07-21T01:16:01.201Z,2400000,0,9,0.0,No detection,42.370567,-70.979479,hmpxv clade ii,"Suffolk, Middlesex, Plymouth, Worcester, Norfolk",Massachusetts
,NWSS_nc_332_Treatment plant_raw wastewater,NWSS,ID:332,Treatment plant,2024-06-06,2023-12-21,2024-06-14T16:25:16.000Z,550000,0,2,0.0,No recent data,35.73306,-78.555803,nvo,Wake,North Carolina
,WWS_tx_1761_Treatment plant_post grit removal,WWS,ID:1761,Treatment plant,2024-07-16,2022-12-07,2024-07-21T01:16:01.201Z,60000,0,9,0.0,No detection,35.110689,-101.807157,hmpxv clade ii,"Randall, Potter",Texas
,NWSS_il_674_Before treatment plant_20_raw wastewater,NWSS,ID:674 -U1,Before treatment plant,2024-07-01,2023-02-28,2024-07-08T12:48:27.000Z,54362,0,1,0.0,No recent data,41.813969,-87.67596,hmpxv clade ii,Cook,Illinois
,WWS_hi_798_Treatment plant_post grit removal,WWS,ID:798 -B,Treatment plant,2024-06-26,2023-06-26,2024-06-30T01:20:03.399Z,44000,0,13,0.0,No recent data,21.431469,-158.174556,hmpxv clade ii,Honolulu,Hawaii
,WWS_nv_2607_Treatment plant_post grit removal,WWS,ID:2607,Treatment plant,2024-07-17,2023-03-27,2024-07-21T01:16:01.201Z,990000,0,9,0.0,No detection,36.108424,-114.99877400000001,hmpxv clade ii,Clark,Nevada
,NWSS_nj_788_Treatment plant_post grit removal,NWSS,ID:788,Treatment plant,2024-07-07,2023-01-27,2024-07-23T16:03:29.000Z,1500000,0,4,0.0,No detection,40.72988599999999,-74.15717699999999,hmpxv,"Essex, Hudson, Passaic, Bergen",New Jersey
,WWS_ca_1712_Treatment plant_post grit removal,WWS,ID:1712,Treatment plant,2024-06-28,2022-07-08,2024-07-07T01:25:43.911Z,28000,0,1,0.0,No recent data,37.394657,-122.426366,hmpxv clade ii,San Mateo,California
,WWS_ga_1666_Treatment plant_post grit removal,WWS,ID:1666,Treatment plant,2024-07-17,2022-07-06,2024-07-21T01:16:01.201Z,73821,0,9,0.0,No detection,33.62734,-84.56042699999999,hmpxv clade ii,Fulton,Georgia
,WWS_ca_1711_Treatment plant_post grit removal,WWS,ID:1711,Treatment plant,2024-06-27,2022-08-08,2024-06-30T01:20:03.399Z,18000,0,1,0.0,No recent data,37.838977,-122.52974300000001,hmpxv clade ii,Marin,California
,WWS_ia_1839_Treatment plant_primary sludge,WWS,ID:1839,Treatment plant,2024-07-17,2023-01-16,2024-07-21T01:16:01.201Z,29300,0,9,0.0,No detection,41.909456,-90.305199,hmpxv clade ii,Clinton,Iowa
,WWS_ca_1904_Treatment plant_primary sludge,WWS,ID:1904,Treatment plant,2024-07-18,2022-07-11,2024-07-21T01:16:01.201Z,890000,0,9,0.0,No detection,34.850084,-115.956971,hmpxv clade ii,San Bernardino,California
,NWSS_tx_2808_Treatment plant_raw wastewater,NWSS,ID:2808,Treatment plant,2024-07-10,2024-06-04,2024-07-16T13:51:09.000Z,18000,0,2,0.0,No recent data,30.102641,-97.994555,hmpxv clade i,Hays,Texas
,CDC_VERILY_sd_2630_Treatment plant_post grit removal,CDC_VERILY,ID:2630,Treatment plant,2024-07-22,2024-01-10,,14000,0,7,0.0,No detection,44.407514,-98.169353,nvo,Beadle,South Dakota
,WWS_me_1989_Treatment plant_post grit removal,WWS,ID:1989,Treatment plant,2024-06-27,2022-11-29,2024-06-30T01:20:03.399Z,10000,0,1,0.0,No recent data,43.930034,-70.332932,hmpxv clade ii,Cumberland,Maine
,WWS_fl_670_Treatment plant_post grit removal,WWS,ID:670 -B,Treatment plant,2024-07-17,2022-07-07,2024-07-21T01:16:01.201Z,94218,1,15,6.667,No detection,27.795372999999998,-82.702261,hmpxv clade ii,Pinellas,Florida
,WWS_in_772_Treatment plant_post grit removal,WWS,ID:772 -B,Treatment plant,2024-07-18,2022-08-15,2024-07-21T01:16:01.201Z,56090,0,12,0.0,No detection,39.08928,-86.602989,hmpxv clade ii,Monroe,Indiana
,NWSS_il_675_Before treatment plant_19_raw wastewater,NWSS,ID:675 -U4,Before treatment plant,2024-06-24,2023-02-27,2024-06-28T13:56:04.000Z,77799,1,4,25.0,No recent data,41.817769,-87.68516,hmpxv clade ii,Cook,Illinois
,WWS_in_828_Treatment plant_primary sludge,WWS,ID:828 -B,Treatment plant,2024-07-17,2023-05-01,2024-07-21T01:16:01.201Z,86000,0,9,0.0,No detection,39.93348,-86.106947,hmpxv clade ii,Hamilton,Indiana
,WWS_ca_352_Treatment plant_raw wastewater,WWS,ID:352,Treatment plant,2024-07-20,2023-02-20,2024-07-23T01:24:21.131Z,110338,0,24,0.0,No detection,37.024347,-121.499969,hmpxv clade ii,Santa Clara,California
,CDC_VERILY_ar_446_Treatment plant_raw wastewater,CDC_VERILY,ID:446,Treatment plant,2024-07-22,2022-11-08,2024-07-24T05:51:15.286Z,32043,0,7,0.0,No detection,34.833234,-92.32426000000001,nvo,Pulaski,Arkansas
,WWS_fl_1875_Treatment plant_post grit removal,WWS,ID:1875,Treatment plant,2024-06-28,2022-10-24,2024-07-07T01:25:43.911Z,95000,0,1,0.0,No recent data,28.678856,-81.26952899999999,hmpxv clade ii,Seminole,Florida
,WWS_va_2008_Treatment plant_primary sludge,WWS,ID:2008,Treatment plant,2024-07-17,2023-03-01,2024-07-21T01:16:01.201Z,100000,0,8,0.0,No detection,38.441238,-77.44024,hmpxv clade ii,Stafford,Virginia
,WWS_tn_2612_Treatment plant_post grit removal,WWS,ID:2612,Treatment plant,2024-07-16,2023-07-30,2024-07-21T01:16:01.201Z,300000,0,8,0.0,No detection,35.251059999999995,-90.014939,hmpxv clade ii,Shelby,Tennessee
,CDC_VERILY_ct_2733_Treatment plant_raw wastewater,CDC_VERILY,ID:2733,Treatment plant,2024-07-19,2024-04-09,2024-07-23T06:50:02.960Z,72914,0,4,0.0,No detection,41.087756,-73.39152200000001,nvo,Fairfield,Connecticut
,NWSS_tx_2813_Treatment plant_raw wastewater,NWSS,ID:2813,Treatment plant,2024-06-12,2024-06-05,2024-07-16T13:51:09.000Z,138397,0,3,0.0,No recent data,31.892192,-102.00651,hmpxv clade ii,Midland,Texas
,CDC_VERILY_ks_833_Treatment plant_raw wastewater,CDC_VERILY,ID:833,Treatment plant,2024-07-17,2022-11-30,2024-07-20T21:49:17.392Z,40000,0,5,0.0,No detection,39.142787,-95.813455,nvo,Shawnee,Kansas
,WWS_in_1889_Treatment plant_post grit removal,WWS,ID:1889,Treatment plant,2024-07-16,2022-09-11,2024-07-21T01:16:01.201Z,130000,0,9,0.0,No detection,41.719479,-86.336498,hmpxv clade ii,St Joseph,Indiana
,CDC_VERILY_ca_2490_Treatment plant_raw wastewater,CDC_VERILY,ID:2490,Treatment plant,2024-07-18,2023-11-21,2024-07-20T21:49:17.392Z,75000,0,6,0.0,No detection,33.789034,-118.29618199999999,nvo,"Ventura, Los Angeles",California
,CDC_VERILY_tx_2751_Treatment plant_post grit removal,CDC_VERILY,ID:2751,Treatment plant,2024-07-21,2024-05-06,2024-07-24T05:51:15.286Z,242000,0,3,0.0,No detection,32.785247999999996,-96.549646,nvo,Dallas,Texas
,WWS_il_1689_Treatment plant_post grit removal,WWS,ID:1689,Treatment plant,2024-07-16,2022-08-04,2024-07-21T01:16:01.201Z,86000,0,7,0.0,No detection,41.882114,-88.04050500000001,hmpxv clade ii,Du Page,Illinois
,WWS_ca_1874_Before treatment plant_488_post grit removal,WWS,ID:1874,Before treatment plant,2024-06-27,2022-11-01,2024-07-07T01:25:43.911Z,68150,0,1,0.0,No recent data,37.582204,-121.96822,hmpxv clade ii,Alameda,California
,CDC_VERILY_hi_2674_Treatment plant_raw wastewater,CDC_VERILY,ID:2674,Treatment plant,2024-07-17,2024-02-12,2024-07-20T20:49:02.968Z,19000,0,6,0.0,No detection,21.522,-158.04125499999998,nvo,Honolulu,Hawaii
,WWS_tx_1881_Treatment plant_post grit removal,WWS,ID:1881,Treatment plant,2024-07-17,2022-12-22,2024-07-21T01:16:01.201Z,17300,0,8,0.0,No detection,33.654018,-97.15837499999999,hmpxv clade ii,Cooke,Texas
,WWS_ks_1900_Treatment plant_post grit removal,WWS,ID:1900,Treatment plant,2024-07-11,2023-01-10,2024-07-16T01:15:18.432Z,90000,0,7,0.0,No detection,39.108334,-94.612194,hmpxv clade ii,Wyandotte,Kansas
,WWS_tx_2326_Treatment plant_post grit removal,WWS,ID:2326,Treatment plant,2024-07-17,2023-06-28,2024-07-21T01:16:01.201Z,630000,1,9,11.111,No detection,32.744001,-96.788639,hmpxv clade ii,Dallas,Texas
,CDC_VERILY_md_2518_Treatment plant_post grit removal,CDC_VERILY,ID:2518,Treatment plant,2024-07-22,2023-12-06,2024-07-24T05:20:17.101Z,90000,0,7,0.0,No detection,39.59263,-77.707333,nvo,Washington,Maryland
,CDC_VERILY_fl_2587_Treatment plant_post grit removal,CDC_VERILY,ID:2587,Treatment plant,2024-07-22,2024-01-08,2024-07-24T05:51:15.286Z,95000,0,7,0.0,No detection,28.684456,-81.28600899999999,nvo,"Orange, Seminole",Florida
,WWS_al_1893_Treatment plant_post grit removal,WWS,ID:1893,Treatment plant,2024-07-17,2022-08-22,2024-07-21T01:16:01.201Z,77000,0,9,0.0,No detection,33.598939,-86.82601100000001,hmpxv clade ii,Jefferson,Alabama
,WWS_me_1992_Treatment plant_post grit removal,WWS,ID:1992,Treatment plant,2024-07-17,2022-09-02,2024-07-21T01:16:01.201Z,65000,0,5,0.0,No detection,43.73671,-70.45438,hmpxv clade ii,Cumberland,Maine
,WWS_dc_2597_Treatment plant_post grit removal,WWS,ID:2597,Treatment plant,2024-06-03,2023-11-12,2024-06-08T01:20:18.108Z,2000000,0,1,0.0,No recent data,38.83248,-76.99453700000001,hmpxv clade ii,"Fairfax, Prince Georges, District Of Columbia, Loudoun","District of Columbia, Virginia, Maryland"
,NWSS_nc_167_Treatment plant_raw wastewater,NWSS,ID:167,Treatment plant,2024-06-07,2024-02-09,2024-06-14T16:25:16.000Z,89616,0,2,0.0,No recent data,35.621763,-77.382099,nvo,Pitt,North Carolina
,WWS_me_2598_Treatment plant_primary sludge,WWS,ID:2598,Treatment plant,2024-07-18,2023-05-15,2024-07-21T01:16:01.201Z,40000,0,9,0.0,No detection,45.066544,-68.877773,hmpxv clade ii,Penobscot,Maine
,WWS_tx_2615_Treatment plant_post grit removal,WWS,ID:2615,Treatment plant,2024-07-07,2023-06-22,2024-07-11T01:18:12.262Z,421700,0,6,0.0,No detection,32.664572,-96.60351,hmpxv clade ii,Dallas,Texas
,CDC_VERILY_ca_2669_Treatment plant_post grit removal,CDC_VERILY,ID:2669,Treatment plant,2024-07-18,2023-12-07,2024-07-20T21:49:17.392Z,14465,0,6,0.0,No detection,35.303720999999996,-120.798457,nvo,San Luis Obispo,California
,CDC_VERILY_nm_2683_Treatment plant_post grit removal,CDC_VERILY,ID:2683,Treatment plant,2024-07-21,2024-03-10,2024-07-24T05:51:15.286Z,650000,0,7,0.0,No detection,35.024142999999995,-106.653381,nvo,Bernalillo,New Mexico
,CDC_VERILY_ar_2507_Treatment plant_raw wastewater,CDC_VERILY,ID:2507,Treatment plant,2024-07-18,2023-11-28,2024-07-20T21:49:17.392Z,19000,0,5,0.0,No detection,36.22567,-94.37913800000001,nvo,Benton,Arkansas
,CDC_VERILY_nv_2592_Treatment plant_post grit removal,CDC_VERILY,ID:2592,Treatment plant,2024-07-22,2023-11-27,2024-07-24T05:51:15.286Z,2000000,0,7,0.0,No detection,36.119184,-114.98185400000001,nvo,Clark,Nevada
,CDC_VERILY_nm_2717_Treatment plant_raw wastewater,CDC_VERILY,ID:2717,Treatment plant,2024-07-18,2024-03-28,2024-07-20T20:49:02.968Z,15000,0,6,0.0,No detection,35.865338,-106.28749499999999,nvo,Los Alamos,New Mexico
,NWSS_wa_1757_Treatment plant_raw wastewater,NWSS,ID:1757,Treatment plant,2024-07-10,2022-12-04,2024-07-17T16:15:19.000Z,119790,0,3,0.0,No detection,46.985606999999995,-122.877199,hmpxv,Thurston,Washington
,WWS_wi_2621_Treatment plant_post grit removal,WWS,ID:2621,Treatment plant,2024-07-17,2023-06-17,2024-07-21T01:16:01.201Z,44000,0,9,0.0,No detection,44.972994,-89.79424200000001,hmpxv clade ii,Marathon,Wisconsin
,NWSS_il_674_Before treatment plant_18_raw wastewater,NWSS,ID:674 -U2,Before treatment plant,2024-07-01,2023-02-28,2024-07-08T12:48:27.000Z,23324,0,1,0.0,No recent data,41.817209,-87.68076,hmpxv clade ii,Cook,Illinois
,WWS_ca_1687_Treatment plant_post grit removal,WWS,ID:1687,Treatment plant,2024-05-30,2022-07-08,2024-06-03T08:17:15.850Z,65000,0,1,0.0,No recent data,38.232416,-122.563806,hmpxv clade ii,Sonoma,California
,WWS_ca_353_Treatment plant_primary sludge,WWS,ID:353,Treatment plant,2024-07-19,2023-02-19,2024-07-23T01:24:21.131Z,1500000,0,23,0.0,No detection,37.193676,-121.71112699999999,hmpxv clade ii,Santa Clara,California
,CDC_VERILY_fl_669_Treatment plant_raw wastewater,CDC_VERILY,ID:669,Treatment plant,2024-07-21,2024-01-07,2024-07-24T05:51:15.286Z,277823,0,5,0.0,No detection,28.534862,-81.187062,nvo,Orange,Florida
,WWS_nc_1894_Treatment plant_post grit removal,WWS,ID:1894,Treatment plant,2024-07-17,2022-10-17,2024-07-21T01:16:01.201Z,25000,0,9,0.0,No detection,35.213198999999996,-77.62586800000001,hmpxv clade ii,Lenoir,North Carolina
,WWS_ca_1792_Treatment plant_post grit removal,WWS,ID:1792,Treatment plant,2024-06-28,2022-12-21,2024-07-07T01:25:43.911Z,129000,0,1,0.0,No recent data,33.524257,-117.702782,hmpxv clade ii,Orange,California
,NWSS_nj_2353_Treatment plant_raw wastewater,NWSS,ID:2353,Treatment plant,2024-07-15,2023-06-15,2024-07-23T16:03:29.000Z,90000,0,5,0.0,No detection,40.856038,-74.412746,nvo,Morris,New Jersey
,WWS_la_2617_Treatment plant_post grit removal,WWS,ID:2617,Treatment plant,2024-07-17,2023-11-27,2024-07-21T01:16:01.201Z,333406,0,9,0.0,No detection,29.960873,-90.03761,hmpxv clade ii,Orleans,Louisiana
,CDC_VERILY_sc_2634_Treatment plant_post grit removal,CDC_VERILY,ID:2634,Treatment plant,2024-07-17,2024-01-17,2024-07-19T05:15:44.120Z,12000,0,3,0.0,No detection,33.450086999999996,-79.360005,nvo,Georgetown,South Carolina
,CDC_VERILY_ct_2650_Treatment plant_post grit removal,CDC_VERILY,ID:2650,Treatment plant,2024-07-18,2024-02-13,2024-07-20T21:49:17.392Z,41000,0,7,0.0,No detection,41.490158,-72.00223700000001,nvo,New London,Connecticut
,CDC_VERILY_nh_2496_Treatment plant_post grit removal,CDC_VERILY,ID:2496,Treatment plant,2024-07-17,2023-11-27,2024-07-19T05:15:44.120Z,6500,0,6,0.0,No detection,43.793403000000005,-71.10179000000001,nvo,"Cumberland, Oxford, Belknap, Carroll","Maine, New Hampshire"
,WWS_tx_1673_Treatment plant_primary sludge,WWS,ID:1673,Treatment plant,2024-07-17,2022-07-08,2024-07-21T01:16:01.201Z,200000,0,8,0.0,No detection,32.932522999999996,-96.627101,hmpxv clade ii,Dallas,Texas
,WWS_ca_1789_Treatment plant_post grit removal,WWS,ID:1789,Treatment plant,2024-06-28,2022-12-21,2024-07-07T01:25:43.911Z,48000,0,1,0.0,No recent data,33.525057000000004,-117.705502,hmpxv clade ii,Orange,California
,WWS_ca_393_Treatment plant_primary sludge,WWS,ID:393,Treatment plant,2024-07-19,2023-02-20,2024-07-23T01:24:21.131Z,199000,0,17,0.0,No detection,37.52388,-122.239406,hmpxv clade ii,San Mateo,California
,NWSS_wa_759_Treatment plant_raw wastewater,NWSS,ID:759,Treatment plant,2024-07-12,2022-10-24,2024-07-17T16:15:19.000Z,225000,0,7,0.0,No detection,47.694461,-117.45219,hmpxv,Spokane,Washington
,CDC_VERILY_ak_1491_Treatment plant_raw wastewater,CDC_VERILY,ID:1491,Treatment plant,2024-07-18,2022-12-06,2024-07-23T06:50:02.960Z,22000,0,6,0.0,No detection,58.370961,-134.53482599999998,nvo,Juneau,Alaska
,NWSS_nj_2354_Treatment plant_raw wastewater,NWSS,ID:2354,Treatment plant,2024-07-16,2023-07-06,2024-07-23T16:03:29.000Z,7000,0,5,0.0,No detection,40.471184,-74.641222,nvo,Somerset,New Jersey
,WWS_ca_383_Treatment plant_primary sludge,WWS,ID:383,Treatment plant,2024-07-19,2023-02-19,2024-07-23T01:24:21.131Z,1480000,0,23,0.0,No detection,38.343765000000005,-121.440201,hmpxv clade ii,Sacramento,California
,WWS_nj_788_Treatment plant_primary sludge,WWS,ID:788 -B,Treatment plant,2024-07-17,2022-08-05,2024-07-21T01:16:01.201Z,1500000,2,7,28.571,No detection,40.73120599999999,-74.13765699999999,hmpxv clade ii,"Essex, Hudson, Passaic, Union, Bergen",New Jersey
,CDC_VERILY_la_1652_Treatment plant_post grit removal,CDC_VERILY,ID:1652,Treatment plant,2024-07-22,2022-12-04,2024-07-24T05:51:15.286Z,23000,0,7,0.0,No detection,30.194212,-92.058921,nvo,Lafayette,Louisiana
,WWS_ga_1692_Treatment plant_post grit removal,WWS,ID:1692,Treatment plant,2024-07-17,2022-07-11,2024-07-21T01:16:01.201Z,84486,0,9,0.0,No detection,34.01947,-84.231555,hmpxv clade ii,Fulton,Georgia
,WWS_ma_2032_Treatment plant_post grit removal,WWS,ID:2032,Treatment plant,2024-07-16,2023-02-27,2024-07-21T01:16:01.201Z,250000,0,8,0.0,No detection,42.256442,-71.80864100000001,hmpxv clade ii,Worcester,Massachusetts
,CDC_VERILY_tn_2514_Treatment plant_post grit removal,CDC_VERILY,ID:2514,Treatment plant,2024-07-17,2023-12-04,2024-07-20T21:49:17.392Z,43750,0,4,0.0,No detection,35.2683,-84.795259,nvo,Bradley,Tennessee
,WWS_ca_1720_Treatment plant_post grit removal,WWS,ID:1720,Treatment plant,2024-06-27,2022-07-11,2024-06-30T01:20:03.399Z,100000,0,1,0.0,No recent data,37.936443,-122.392792,hmpxv clade ii,Contra Costa,California
,WWS_ne_2620_Treatment plant_post grit removal,WWS,ID:2620,Treatment plant,2024-07-17,2023-08-02,2024-07-21T01:16:01.201Z,240000,0,9,0.0,No detection,40.872421,-96.725794,hmpxv clade ii,Lancaster,Nebraska
,WWS_fl_671_Treatment plant_post grit removal,WWS,ID:671 -B,Treatment plant,2024-07-14,2022-07-07,2024-07-18T01:19:51.003Z,183009,0,7,0.0,No detection,28.443277,-81.45899999999999,hmpxv clade ii,Orange,Florida
,CDC_VERILY_ca_1199_Treatment plant_post grit removal,CDC_VERILY,ID:1199 -A,Treatment plant,2024-07-18,2022-11-30,2024-07-23T06:50:02.960Z,59488,0,7,0.0,No detection,36.222027999999995,-119.71548,nvo,Kings,California
,CDC_VERILY_wi_1277_Treatment plant_post grit removal,CDC_VERILY,ID:1277,Treatment plant,2024-07-17,2022-11-29,2024-07-20T21:49:17.392Z,424000,0,5,0.0,No detection,43.036286999999994,-89.40466599999999,nvo,Dane,Wisconsin
,WWS_ca_1892_Treatment plant_post grit removal,WWS,ID:1892,Treatment plant,2024-07-17,2022-08-07,2024-07-21T01:16:01.201Z,2200000,0,9,0.0,No detection,32.705515000000005,-117.22964400000001,hmpxv clade ii,San Diego,California
,CDC_VERILY_al_2510_Treatment plant_post grit removal,CDC_VERILY,ID:2510,Treatment plant,2024-07-22,2023-12-04,2024-07-24T05:51:15.286Z,18000,0,7,0.0,No detection,34.760056999999996,-87.68908,nvo,Colbert,Alabama
,CDC_VERILY_md_1278_Treatment plant_post grit removal,CDC_VERILY,ID:1278,Treatment plant,2024-07-18,2022-11-16,2024-07-20T21:49:17.392Z,22660,0,6,0.0,No detection,39.100008,-76.81404300000001,nvo,Anne Arundel,Maryland
,CDC_VERILY_tx_2673_Treatment plant_post grit removal,CDC_VERILY,ID:2673,Treatment plant,2024-07-18,2024-01-30,2024-07-20T20:49:02.968Z,115000,0,7,0.0,No detection,29.506331,-95.048742,nvo,Galveston,Texas
,WWS_ca_763_Treatment plant_post grit removal,WWS,ID:763 -B,Treatment plant,2024-07-16,2022-07-07,2024-07-21T01:16:01.201Z,160000,0,9,0.0,No detection,37.056028,-122.110046,hmpxv clade ii,Santa Cruz,California
,WWS_ca_834_Treatment plant_primary sludge,WWS,ID:834 -B,Treatment plant,2024-07-17,2022-08-24,2024-07-21T01:16:01.201Z,91765,0,9,0.0,No detection,33.729001,-116.04038499999999,hmpxv clade ii,Riverside,California
,WWS_al_1664_Treatment plant_post grit removal,WWS,ID:1664,Treatment plant,2024-07-17,2022-08-15,2024-07-21T01:16:01.201Z,95000,0,9,0.0,No detection,33.360624,-86.960984,hmpxv clade ii,Jefferson,Alabama
,WWS_ca_2405_Treatment plant_post grit removal,WWS,ID:2405,Treatment plant,2024-06-28,2023-03-15,2024-07-07T01:25:43.911Z,35000,0,1,0.0,No recent data,37.597554,-118.877236,hmpxv clade ii,Mono,California
,NWSS_wa_661_Treatment plant_raw wastewater,NWSS,ID:661,Treatment plant,2024-07-11,2023-09-26,2024-07-17T16:15:19.000Z,37650,0,4,0.0,No detection,47.846838,-122.317261,hmpxv,Snohomish,Washington
,CDC_VERILY_la_2694_Treatment plant_post grit removal,CDC_VERILY,ID:2694,Treatment plant,2024-07-18,2024-03-19,2024-07-20T20:49:02.968Z,64000,0,7,0.0,No detection,30.036121,-90.251987,nvo,Jefferson,Louisiana
,NWSS_wa_1512_Treatment plant_raw wastewater,NWSS,ID:1512,Treatment plant,2024-07-12,2022-10-24,2024-07-17T16:15:19.000Z,35812,0,5,0.0,No detection,46.82996,-117.317501,hmpxv,Whitman,Washington
,WWS_ga_1714_Treatment plant_primary sludge,WWS,ID:1714,Treatment plant,2024-07-10,2022-08-15,2024-07-14T01:18:20.516Z,278000,0,2,0.0,No recent data,32.41563,-84.929344,hmpxv clade ii,"Muscogee, Chattahoochee",Georgia
,WWS_mn_1883_Treatment plant_post grit removal,WWS,ID:1883,Treatment plant,2024-07-17,2022-08-29,2024-07-21T01:16:01.201Z,70000,0,9,0.0,No detection,44.058571,-93.993272,hmpxv clade ii,"Blue Earth, Nicollet",Minnesota
,WWS_ca_1219_Treatment plant_post grit removal,WWS,ID:1219 -B,Treatment plant,2024-07-17,2023-02-15,2024-07-21T01:16:01.201Z,9000,0,5,0.0,No detection,39.063289999999995,-122.927451,hmpxv clade ii,Lake,California
,CDC_VERILY_ar_1543_Treatment plant_raw wastewater,CDC_VERILY,ID:1543,Treatment plant,2024-07-22,2022-11-08,2024-07-24T05:51:15.286Z,23812,0,7,0.0,No detection,34.758271,-92.15336500000001,nvo,Pulaski,Arkansas
,CDC_VERILY_mo_2671_Treatment plant_post grit removal,CDC_VERILY,ID:2671,Treatment plant,2024-07-18,2024-02-27,2024-07-20T21:49:17.392Z,48000,0,5,0.0,No detection,38.242846,-90.517875,nvo,Jefferson,Missouri
,WWS_ca_1896_Treatment plant_post grit removal,WWS,ID:1896,Treatment plant,2024-07-17,2022-08-01,2024-07-21T01:16:01.201Z,69290,0,9,0.0,No detection,34.628904,-120.331354,hmpxv clade ii,Santa Barbara,California
,CDC_VERILY_wy_2476_Treatment plant_post grit removal,CDC_VERILY,ID:2476,Treatment plant,2024-07-17,2023-11-13,2024-07-23T06:50:02.960Z,13000,0,7,0.0,No detection,43.461433,-110.735426,nvo,Teton,Wyoming
,CDC_VERILY_md_2495_Treatment plant_raw wastewater,CDC_VERILY,ID:2495,Treatment plant,2024-07-22,2023-11-27,2024-07-24T05:20:17.101Z,3000,0,6,0.0,No detection,39.43624,-79.316523,nvo,Garrett,Maryland
,CDC_VERILY_ok_2512_Treatment plant_post grit removal,CDC_VERILY,ID:2512,Treatment plant,2024-07-17,2023-12-05,2024-07-20T20:49:02.968Z,50350,0,5,0.0,No detection,36.397681,-97.844011,nvo,Garfield,Oklahoma
,WWS_tx_1765_Treatment plant_primary sludge,WWS,ID:1765,Treatment plant,2024-07-17,2022-12-05,2024-07-21T01:16:01.201Z,90000,0,9,0.0,No detection,33.981536000000006,-98.523478,hmpxv clade ii,Wichita,Texas
,NWSS_nj_2423_Treatment plant_raw wastewater,NWSS,ID:2423,Treatment plant,2024-07-15,2023-10-02,2024-07-23T16:03:29.000Z,250000,0,4,0.0,No detection,39.497928,-74.63417399999999,nvo,Atlantic,New Jersey
,NWSS_nc_1521_Treatment plant_raw wastewater,NWSS,ID:1521,Treatment plant,2024-06-06,2023-10-30,2024-06-14T16:25:16.000Z,82158,0,2,0.0,No recent data,35.207605,-80.92943,nvo,Mecklenburg,North Carolina
,WWS_ca_1912_Treatment plant_post grit removal,WWS,ID:1912,Treatment plant,2024-06-28,2022-12-16,2024-07-07T01:25:43.911Z,28000,0,1,0.0,No recent data,38.529267,-122.80814000000001,hmpxv clade ii,Sonoma,California
,WWS_tx_1948_Treatment plant_post grit removal,WWS,ID:1948,Treatment plant,2024-07-17,2023-02-20,2024-07-21T01:16:01.201Z,70000,0,9,0.0,No detection,30.160093,-95.493337,hmpxv clade ii,Montgomery,Texas
,CDC_VERILY_tx_2689_Treatment plant_raw wastewater,CDC_VERILY,ID:2689,Treatment plant,2024-06-04,2024-03-13,2024-06-07T18:23:52.089Z,15000,0,2,0.0,No recent data,29.202648,-94.939889,nvo,Galveston,Texas
,NWSS_nj_1291_Treatment plant_post grit removal,NWSS,ID:1291,Treatment plant,2024-07-09,2023-02-27,2024-07-23T16:03:29.000Z,54000,0,2,0.0,No recent data,40.950169,-74.242688,nvo,Passaic,New Jersey
,CDC_VERILY_vt_2644_Treatment plant_raw wastewater,CDC_VERILY,ID:2644,Treatment plant,2024-07-11,2024-02-06,2024-07-13T05:10:59.988Z,20000,0,4,0.0,No detection,42.941435999999996,-73.114942,nvo,Bennington,Vermont
,CDC_VERILY_tx_2666_Treatment plant_post grit removal,CDC_VERILY,ID:2666,Treatment plant,2024-07-18,2024-01-30,2024-07-20T21:49:17.392Z,115000,0,6,0.0,No detection,29.501491,-95.062062,nvo,Galveston,Texas
,WWS_ca_1872_Before treatment plant_468_primary sludge,WWS,ID:1872,Before treatment plant,2024-07-16,2022-11-01,2024-07-21T01:16:01.201Z,229476,0,6,0.0,No detection,37.513373,-121.95076,hmpxv clade ii,Alameda,California
,WWS_ca_1898_Treatment plant_post grit removal,WWS,ID:1898,Treatment plant,2024-07-16,2022-11-27,2024-07-21T01:16:01.201Z,262000,0,8,0.0,No detection,36.640299,-121.819031,hmpxv clade ii,Monterey,California
,CDC_VERILY_pa_2667_Treatment plant_post grit removal,CDC_VERILY,ID:2667,Treatment plant,2024-07-18,2023-12-05,2024-07-20T21:49:17.392Z,13000,0,7,0.0,No detection,40.212186,-75.237517,nvo,Montgomery,Pennsylvania
,WWS_nh_1880_Treatment plant_post grit removal,WWS,ID:1880,Treatment plant,2024-07-16,2022-11-28,2024-07-19T01:21:14.107Z,30000,0,8,0.0,No detection,43.299149,-70.998482,hmpxv clade ii,Strafford,New Hampshire
,WWS_ky_1899_Treatment plant_post grit removal,WWS,ID:1899,Treatment plant,2024-07-17,2022-07-14,2024-07-21T01:16:01.201Z,423913,0,7,0.0,No detection,38.221410999999996,-85.815363,hmpxv clade ii,Jefferson,Kentucky
,NWSS_tx_2815_Treatment plant_raw wastewater,NWSS,ID:2815,Treatment plant,2024-06-19,2024-06-05,2024-07-16T13:51:09.000Z,19372,0,3,0.0,No recent data,31.851782,-95.68161900000001,hmpxv clade i,Anderson,Texas
,WWS_oh_1810_Treatment plant_primary sludge,WWS,ID:1810,Treatment plant,2024-07-17,2023-01-06,2024-07-21T01:16:01.201Z,365000,0,9,0.0,No detection,41.151559999999996,-81.573951,hmpxv clade ii,"Portage, Summit",Ohio
,CDC_VERILY_hi_2672_Treatment plant_post grit removal,CDC_VERILY,ID:2672,Treatment plant,2024-07-17,2024-02-12,2024-07-20T20:49:02.968Z,400000,0,6,0.0,No detection,21.375899,-157.894619,nvo,Honolulu,Hawaii
,WWS_mi_1909_Treatment plant_post grit removal,WWS,ID:1909,Treatment plant,2024-07-18,2023-01-23,2024-07-21T01:16:01.201Z,30623,0,9,0.0,No detection,44.773919,-85.484793,hmpxv clade ii,Grand Traverse,Michigan
,WWS_fl_669_Treatment plant_post grit removal,WWS,ID:669 -B,Treatment plant,2024-07-14,2022-07-07,2024-07-18T01:19:51.003Z,195299,1,6,16.667,No detection,28.532822000000003,-81.16954199999999,hmpxv clade ii,Orange,Florida
,WWS_tx_1131_Treatment plant_primary sludge,WWS,ID:1131 -B,Treatment plant,2024-07-16,2022-07-07,2024-07-21T01:16:01.201Z,186000,0,8,0.0,No detection,32.796848,-96.557766,hmpxv clade ii,Dallas,Texas
,CDC_VERILY_nc_1220_Treatment plant_post grit removal,CDC_VERILY,ID:1220,Treatment plant,2024-07-18,2022-11-16,2024-07-20T20:49:02.968Z,32000,0,7,0.0,No detection,35.690281,-80.44548,nvo,Rowan,North Carolina
,WWS_va_1908_Treatment plant_primary sludge,WWS,ID:1908,Treatment plant,2024-06-28,2022-12-12,2024-07-07T01:25:43.911Z,3000,0,1,0.0,No recent data,36.722507,-80.68647,hmpxv clade ii,Carroll,Virginia
,CDC_VERILY_me_2501_Treatment plant_post grit removal,CDC_VERILY,ID:2501,Treatment plant,2024-07-18,2023-11-27,2024-07-20T21:49:17.392Z,8700,0,6,0.0,No detection,43.867411999999995,-69.83453499999999,nvo,Sagadahoc,Maine
,WWS_hi_2610_Treatment plant_post grit removal,WWS,ID:2610,Treatment plant,2024-06-26,2023-06-26,2024-06-30T01:20:03.399Z,90000,0,13,0.0,No recent data,21.583924,-158.033681,hmpxv clade ii,Honolulu,Hawaii
,NWSS_wa_2124_Treatment plant_raw wastewater,NWSS,ID:2124,Treatment plant,2024-07-11,2023-04-11,2024-07-17T16:15:19.000Z,16150,0,4,0.0,No detection,48.942768,-122.44288900000001,hmpxv,Whatcom,Washington
,CDC_VERILY_me_2475_Treatment plant_post grit removal,CDC_VERILY,ID:2475,Treatment plant,2024-07-18,2023-11-14,2024-07-20T20:49:02.968Z,20000,0,6,0.0,No detection,43.588076,-70.637289,nvo,York,Maine
,CDC_VERILY_nh_2519_Treatment plant_post grit removal,CDC_VERILY,ID:2519,Treatment plant,2024-07-16,2023-12-05,2024-07-19T05:15:44.120Z,6000,0,6,0.0,No detection,43.390805,-72.189939,nvo,Sullivan,New Hampshire
,NWSS_wa_1398_Treatment plant_raw wastewater,NWSS,ID:1398,Treatment plant,2024-07-10,2022-10-26,2024-07-17T16:15:19.000Z,8475,0,2,0.0,No recent data,47.171085,-119.405998,hmpxv,Grant,Washington
,CDC_VERILY_tx_2642_Treatment plant_raw wastewater,CDC_VERILY,ID:2642,Treatment plant,2024-07-22,2024-02-05,2024-07-24T05:51:15.286Z,140000,0,7,0.0,No detection,27.515159,-99.488118,nvo,Webb,Texas
,CDC_VERILY_ak_1490_Treatment plant_raw wastewater,CDC_VERILY,ID:1490,Treatment plant,2024-07-17,2022-12-06,2024-07-23T06:50:02.960Z,12000,0,1,0.0,No recent data,58.385481000000006,-134.535226,nvo,Juneau,Alaska
,WWS_ca_1911_Treatment plant_post grit removal,WWS,ID:1911,Treatment plant,2024-07-18,2022-09-20,2024-07-21T01:16:01.201Z,121000,0,10,0.0,No detection,38.088639,-122.2586,hmpxv clade ii,Solano,California
,WWS_al_1719_Treatment plant_post grit removal,WWS,ID:1719,Treatment plant,2024-07-18,2022-08-16,2024-07-21T01:16:01.201Z,200000,1,7,14.286,Intermittent detection,33.521415000000005,-86.966455,hmpxv clade ii,Jefferson,Alabama
,WWS_md_1808_Treatment plant_post grit removal,WWS,ID:1808,Treatment plant,2024-07-17,2023-01-04,2024-07-21T01:16:01.201Z,55000,0,9,0.0,No detection,38.240349,-76.431293,hmpxv clade ii,Saint Marys,Maryland
,CDC_VERILY_sc_2676_Treatment plant_post grit removal,CDC_VERILY,ID:2676,Treatment plant,2024-07-17,2024-01-10,2024-07-19T05:15:44.120Z,12000,0,3,0.0,No detection,34.115929,-82.12162099999999,nvo,Greenwood,South Carolina
,WWS_ca_1703_Treatment plant_post grit removal,WWS,ID:1703,Treatment plant,2024-07-17,2022-07-08,2024-07-21T01:16:01.201Z,53000,0,9,0.0,No detection,38.016374,-122.538511,hmpxv clade ii,Marin,California
,NWSS_wa_2105_Treatment plant_raw wastewater,NWSS,ID:2105,Treatment plant,2024-07-08,2023-04-10,2024-07-17T16:15:19.000Z,24180,0,4,0.0,No detection,48.317538000000006,-122.626713,hmpxv,Island,Washington
,WWS_ca_2404_Treatment plant_post grit removal,WWS,ID:2404,Treatment plant,2024-06-28,2023-01-20,2024-07-03T15:43:45.000Z,73000,0,1,0.0,No recent data,34.23082,-116.884714,hmpxv clade ii,San Bernardino,California
,CDC_VERILY_ar_2588_Treatment plant_post grit removal,CDC_VERILY,ID:2588,Treatment plant,2024-07-18,2023-11-28,2024-07-20T21:49:17.392Z,14000,0,7,0.0,No detection,36.288926,-93.091981,nvo,Boone,Arkansas
,WWS_nc_1662_Treatment plant_post grit removal,WWS,ID:1662,Treatment plant,2024-07-17,2022-08-22,2024-07-21T01:16:01.201Z,92000,0,9,0.0,No detection,36.050279,-80.310725,hmpxv clade ii,Forsyth,North Carolina
,WWS_mi_1781_Treatment plant_primary sludge,WWS,ID:1781,Treatment plant,2024-07-17,2022-12-09,2024-07-21T01:16:01.201Z,75000,0,9,0.0,No detection,42.916464,-85.835746,hmpxv clade ii,Kent,Michigan
,WWS_mi_1878_Treatment plant_post grit removal,WWS,ID:1878,Treatment plant,2024-07-17,2022-07-08,2024-07-21T01:16:01.201Z,125000,0,9,0.0,No detection,42.316956999999995,-83.722251,hmpxv clade ii,Washtenaw,Michigan
,CDC_VERILY_me_2681_Treatment plant_post grit removal,CDC_VERILY,ID:2681,Treatment plant,2024-07-22,2024-03-04,2024-07-24T05:51:15.286Z,6000,0,7,0.0,No detection,43.736560000000004,-70.27877600000001,nvo,Cumberland,Maine
,NWSS_il_675_Before treatment plant_21_raw wastewater,NWSS,ID:675 -U5,Before treatment plant,2024-07-01,2023-02-28,2024-07-08T12:48:27.000Z,24099,0,1,0.0,No recent data,41.801529,-87.68688,nvo,Cook,Illinois
,NWSS_nj_1385_Treatment plant_raw wastewater,NWSS,ID:1385,Treatment plant,2024-07-15,2023-01-30,2024-07-23T16:03:29.000Z,145000,0,5,0.0,No detection,40.742651,-74.023374,nvo,Hudson,New Jersey
,CDC_VERILY_ct_2486_Treatment plant_raw wastewater,CDC_VERILY,ID:2486,Treatment plant,2024-07-21,2023-11-19,2024-07-24T05:51:15.286Z,45878,0,7,0.0,No detection,41.040386,-73.61489,nvo,Fairfield,Connecticut
,WWS_ia_1783_Treatment plant_primary sludge,WWS,ID:1783,Treatment plant,2024-07-18,2022-12-12,2024-07-21T01:16:01.201Z,24400,0,10,0.0,No detection,41.471466,-91.054888,hmpxv clade ii,Muscatine,Iowa
,CDC_VERILY_md_1285_Treatment plant_post grit removal,CDC_VERILY,ID:1285,Treatment plant,2024-07-17,2022-11-16,2024-07-20T21:49:17.392Z,13296,0,7,0.0,No detection,39.0696,-76.618577,nvo,Anne Arundel,Maryland
,NWSS_wa_2534_Treatment plant_raw wastewater,NWSS,ID:2534,Treatment plant,2024-07-08,2023-10-09,2024-07-17T16:15:19.000Z,81140,0,2,0.0,No recent data,45.74315,-122.71272599999999,hmpxv,Clark,Washington
,CDC_VERILY_vt_2657_Treatment plant_raw wastewater,CDC_VERILY,ID:2657,Treatment plant,2024-07-09,2024-02-20,2024-07-17T05:45:59.589Z,6000,0,1,0.0,No recent data,43.372984,-72.712553,nvo,Windsor,Vermont
,NWSS_nj_2350_Treatment plant_raw wastewater,NWSS,ID:2350,Treatment plant,2024-07-12,2023-05-17,2024-07-23T16:03:29.000Z,24530,0,5,0.0,No detection,40.764677,-74.488566,nvo,Morris,New Jersey
,CDC_VERILY_ca_2590_Treatment plant_post grit removal,CDC_VERILY,ID:2590,Treatment plant,2024-07-18,2023-11-21,2024-07-20T20:49:02.968Z,60000,0,7,0.0,No detection,37.709589,-122.157341,nvo,Alameda,California
,CDC_VERILY_tx_2663_Treatment plant_raw wastewater,CDC_VERILY,ID:2663,Treatment plant,2024-07-22,2024-02-05,2024-07-24T05:51:15.286Z,120000,0,7,0.0,No detection,27.404879,-99.482894,nvo,Webb,Texas
,CDC_VERILY_fl_2692_Treatment plant_raw wastewater,CDC_VERILY,ID:2692,Treatment plant,2024-07-18,2024-03-12,2024-07-20T20:49:02.968Z,100000,0,7,0.0,No detection,27.228061,-82.35015999999999,nvo,Sarasota,Florida
,CDC_VERILY_me_2500_Treatment plant_post grit removal,CDC_VERILY,ID:2500,Treatment plant,2024-07-18,2023-11-28,2024-07-20T21:49:17.392Z,5000,0,6,0.0,No detection,46.877955,-68.017802,nvo,Aroostook,Maine
,CDC_VERILY_nc_2589_Treatment plant_post grit removal,CDC_VERILY,ID:2589,Treatment plant,2024-07-17,2023-12-04,2024-07-20T20:49:02.968Z,20484,0,6,0.0,No detection,35.217799,-77.614868,nvo,Lenoir,North Carolina
,WWS_id_813_Treatment plant_post grit removal,WWS,ID:813,Treatment plant,2024-07-17,2023-01-16,2024-07-21T01:16:01.201Z,108556,0,9,0.0,No detection,43.674752000000005,-116.26022400000001,hmpxv clade ii,Ada,Idaho
,WWS_sd_2606_Treatment plant_post grit removal,WWS,ID:2606,Treatment plant,2024-07-17,2023-04-25,2024-07-21T01:16:01.201Z,20000,0,9,0.0,No detection,42.93488,-97.37297000000001,hmpxv clade ii,Yankton,South Dakota
,WWS_ca_1873_Before treatment plant_469_post grit removal,WWS,ID:1873,Before treatment plant,2024-06-27,2022-11-03,2024-07-07T01:25:43.911Z,47229,0,1,0.0,No recent data,37.522662,-122.013352,hmpxv clade ii,Alameda,California
,CDC_VERILY_fl_2637_Treatment plant_post grit removal,CDC_VERILY,ID:2637,Treatment plant,2024-07-22,2024-01-29,2024-07-24T05:51:15.286Z,100000,0,7,0.0,No detection,26.657215,-80.439869,nvo,"Martin, Palm Beach",Florida
,CDC_VERILY_ia_544_Treatment plant_raw wastewater,CDC_VERILY,ID:544,Treatment plant,2024-07-17,2022-11-29,2024-07-20T21:49:17.392Z,75000,0,6,0.0,No detection,41.654367,-91.545659,nvo,Johnson,Iowa
,CDC_VERILY_va_2491_Treatment plant_post grit removal,CDC_VERILY,ID:2491,Treatment plant,2024-07-18,2023-11-21,2024-07-20T21:49:17.392Z,60000,0,7,0.0,No detection,39.257095,-78.19273199999999,nvo,"Frederick, Winchester City",Virginia
,NWSS_nj_2355_Treatment plant_post grit removal,NWSS,ID:2355,Treatment plant,2024-07-10,2023-06-07,2024-07-23T16:03:29.000Z,204148,0,3,0.0,No detection,40.619033,-74.26884100000001,nvo,Union,New Jersey
,CDC_VERILY_ca_2487_Treatment plant_post grit removal,CDC_VERILY,ID:2487,Treatment plant,2024-07-18,2023-11-21,2024-07-20T21:49:17.392Z,16000,0,6,0.0,No detection,36.552661,-121.927555,nvo,Monterey,California
,WWS_fl_711_Treatment plant_post grit removal,WWS,ID:711 -B,Treatment plant,2024-07-16,2023-01-22,2024-07-21T01:16:01.201Z,829725,0,8,0.0,No detection,25.703618,-80.173335,hmpxv clade ii,Miami-Dade,Florida
,NWSS_nj_1322_Treatment plant_raw wastewater,NWSS,ID:1322,Treatment plant,2024-07-16,2023-02-07,2024-07-23T16:03:29.000Z,1300000,0,5,0.0,No detection,40.649342000000004,-74.22866900000001,nvo,"Essex, Union",New Jersey
,WWS_ca_1173_Treatment plant_primary sludge,WWS,ID:1173 -B,Treatment plant,2024-06-25,2022-07-08,2024-06-28T01:16:55.158Z,484800,0,9,0.0,No recent data,37.983941,-122.132576,hmpxv clade ii,Contra Costa,California
,CDC_VERILY_ma_2522_Treatment plant_post grit removal,CDC_VERILY,ID:2522,Treatment plant,2024-07-22,2023-12-11,2024-07-24T05:51:15.286Z,55000,0,7,0.0,No detection,42.154892000000004,-72.655621,nvo,Hampden,Massachusetts
,WWS_ny_2608_Treatment plant_post grit removal,WWS,ID:2608,Treatment plant,2024-07-17,2023-08-28,2024-07-21T01:16:01.201Z,90000,0,5,0.0,No detection,42.391354,-76.492199,hmpxv clade ii,Tompkins,New York
,WWS_ak_2609_Treatment plant_post grit removal,WWS,ID:2609,Treatment plant,2024-07-17,2023-05-24,2024-07-21T01:16:01.201Z,220000,0,8,0.0,No detection,61.168269,-149.95620799999998,hmpxv clade ii,Anchorage,Alaska
,NWSS_wa_755_Treatment plant_raw wastewater,NWSS,ID:755,Treatment plant,2024-07-11,2022-10-25,2024-07-17T16:15:19.000Z,15000,0,4,0.0,No detection,46.305946999999996,-119.37683299999999,hmpxv,Benton,Washington
,CDC_VERILY_nc_1223_Treatment plant_post grit removal,CDC_VERILY,ID:1223,Treatment plant,2024-07-18,2022-11-16,2024-07-20T21:49:17.392Z,21000,0,7,0.0,No detection,35.689321,-80.4468,nvo,Rowan,North Carolina
,WWS_tx_1949_Treatment plant_post grit removal,WWS,ID:1949,Treatment plant,2024-06-28,2023-02-20,2024-07-07T01:25:43.911Z,15000,0,1,0.0,No recent data,30.202233,-95.408023,hmpxv clade ii,Montgomery,Texas
,NWSS_wa_2414_Treatment plant_raw wastewater,NWSS,ID:2414,Treatment plant,2024-07-11,2023-09-19,2024-07-17T16:15:19.000Z,20000,0,3,0.0,No detection,48.171498,-121.965029,hmpxv,Snohomish,Washington
,CDC_VERILY_ca_2526_Treatment plant_post grit removal,CDC_VERILY,ID:2526,Treatment plant,2024-07-18,2023-12-12,2024-07-20T21:49:17.392Z,250000,0,7,0.0,No detection,34.144821,-119.127726,nvo,Ventura,California
,CDC_VERILY_la_2659_Treatment plant_post grit removal,CDC_VERILY,ID:2659,Treatment plant,2024-07-22,2024-02-05,2024-07-24T05:20:17.101Z,20000,0,7,0.0,No detection,30.14709,-92.014893,nvo,Lafayette,Louisiana
,CDC_VERILY_ar_1546_Treatment plant_raw wastewater,CDC_VERILY,ID:1546,Treatment plant,2024-07-22,2022-11-08,2024-07-24T05:51:15.286Z,18463,0,7,0.0,No detection,34.863721000000005,-92.380458,nvo,Pulaski,Arkansas
,CDC_VERILY_la_1650_Treatment plant_post grit removal,CDC_VERILY,ID:1650,Treatment plant,2024-07-22,2022-11-29,2024-07-24T05:51:15.286Z,13000,0,7,0.0,No detection,30.225035000000002,-92.076054,nvo,Lafayette,Louisiana
,WWS_mn_1886_Treatment plant_post grit removal,WWS,ID:1886,Treatment plant,2024-07-17,2022-11-04,2024-07-21T01:16:01.201Z,120000,0,9,0.0,No detection,44.075285,-92.51627599999999,hmpxv clade ii,Olmsted,Minnesota
,NWSS_nc_93_Treatment plant_raw wastewater,NWSS,ID:93,Treatment plant,2024-06-06,2023-10-30,2024-06-14T16:25:16.000Z,182501,0,2,0.0,No recent data,35.155393000000004,-80.859519,nvo,Mecklenburg,North Carolina
,WWS_al_1718_Treatment plant_post grit removal,WWS,ID:1718,Treatment plant,2024-07-17,2022-08-15,2024-07-21T01:16:01.201Z,225000,0,9,0.0,No detection,33.469668999999996,-86.95656299999999,hmpxv clade ii,Jefferson,Alabama
,WWS_nj_1907_Treatment plant_primary sludge,WWS,ID:1907,Treatment plant,2024-07-17,2022-12-05,2024-07-21T01:16:01.201Z,52672,0,9,0.0,No detection,40.262461,-74.123374,hmpxv clade ii,Monmouth,New Jersey
,WWS_ks_1813_Treatment plant_post grit removal,WWS,ID:1813,Treatment plant,2024-07-11,2023-01-09,2024-07-14T01:18:20.516Z,15000,0,6,0.0,No detection,39.153012000000004,-94.829599,hmpxv clade ii,Wyandotte,Kansas
,WWS_de_1930_Treatment plant_primary sludge,WWS,ID:1930,Treatment plant,2024-07-17,2023-02-08,2024-07-21T01:16:01.201Z,13172,0,9,0.0,No detection,38.637769999999996,-75.62948,hmpxv clade ii,Sussex,Delaware
,CDC_VERILY_md_1268_Treatment plant_post grit removal,CDC_VERILY,ID:1268,Treatment plant,2024-07-18,2022-11-15,2024-07-20T21:49:17.392Z,150078,0,6,0.0,No detection,39.05691,-76.577137,nvo,Anne Arundel,Maryland
,WWS_id_1842_Treatment plant_post grit removal,WWS,ID:1842,Treatment plant,2024-07-17,2023-01-16,2024-07-21T01:16:01.201Z,186901,0,9,0.0,No detection,43.63864,-116.27647400000001,hmpxv clade ii,Ada,Idaho
,NWSS_nj_2349_Treatment plant_raw wastewater,NWSS,ID:2349,Treatment plant,2024-07-11,2023-07-13,2024-07-23T16:03:29.000Z,12000,0,4,0.0,No detection,39.575416000000004,-74.707161,nvo,Atlantic,New Jersey
,WWS_fl_1552_Treatment plant_post grit removal,WWS,ID:1552 -B,Treatment plant,2024-07-16,2023-07-11,2024-07-21T01:16:01.201Z,212065,0,9,0.0,No detection,30.122735,-84.40262899999999,hmpxv clade ii,Leon,Florida
,WWS_fl_1897_Treatment plant_post grit removal,WWS,ID:1897,Treatment plant,2024-07-17,2022-09-14,2024-07-21T01:16:01.201Z,90000,0,9,0.0,No detection,26.634975,-80.420869,hmpxv clade ii,Palm Beach,Florida
,CDC_VERILY_ca_2594_Treatment plant_post grit removal,CDC_VERILY,ID:2594,Treatment plant,2024-07-17,2023-12-05,2024-07-19T05:15:44.120Z,39000,0,5,0.0,No detection,35.10944799999999,-120.607302,nvo,San Luis Obispo,California
,CDC_VERILY_hi_2610_Treatment plant_post grit removal,CDC_VERILY,ID:2610,Treatment plant,2024-07-17,2024-02-12,2024-07-20T21:49:17.392Z,101000,0,6,0.0,No detection,21.600884,-158.050881,nvo,Honolulu,Hawaii
,CDC_VERILY_me_347_Treatment plant_post grit removal,CDC_VERILY,ID:347,Treatment plant,2024-07-18,2022-11-30,2024-07-20T20:49:02.968Z,7000,0,6,0.0,No detection,44.125607,-69.071888,nvo,Knox,Maine
,CDC_VERILY_pa_1083_Treatment plant_post grit removal,CDC_VERILY,ID:1083,Treatment plant,2024-07-18,2023-12-05,2024-07-20T21:49:17.392Z,13000,0,7,0.0,No detection,40.222546,-75.236277,nvo,Montgomery,Pennsylvania
,WWS_hi_1208_Treatment plant_post grit removal,WWS,ID:1208 -B,Treatment plant,2024-06-26,2023-06-26,2024-06-30T01:20:03.399Z,18000,0,13,0.0,No recent data,21.53884,-158.05361499999998,hmpxv clade ii,Honolulu,Hawaii
,WWS_ga_1663_Treatment plant_primary sludge,WWS,ID:1663,Treatment plant,2024-07-17,2022-07-11,2024-07-21T01:16:01.201Z,189593,0,9,0.0,No detection,34.044118,-84.36539499999999,hmpxv clade ii,Fulton,Georgia
,WWS_pa_1737_Treatment plant_post grit removal,WWS,ID:1737,Treatment plant,2024-07-16,2022-10-30,2024-07-21T01:16:01.201Z,220000,0,9,0.0,No detection,39.876417,-75.43838199999999,hmpxv clade ii,Delaware,Pennsylvania
,NWSS_wa_2424_Treatment plant_raw wastewater,NWSS,ID:2424,Treatment plant,2024-07-11,2023-10-03,2024-07-17T16:15:19.000Z,17000,0,4,0.0,No detection,48.510332,-122.603871,hmpxv,Skagit,Washington
,WWS_ar_2588_Treatment plant_post grit removal,WWS,ID:2588,Treatment plant,2024-07-17,2023-04-23,2024-07-21T01:16:01.201Z,15000,0,9,0.0,No detection,36.289685999999996,-93.097101,hmpxv clade ii,Boone,Arkansas
,WWS_mi_1691_Treatment plant_primary sludge,WWS,ID:1691,Treatment plant,2024-07-16,2022-07-07,2024-07-21T01:16:01.201Z,90000,0,8,0.0,No detection,42.266555000000004,-84.388007,hmpxv clade ii,Jackson,Michigan
,CDC_VERILY_ca_2623_Treatment plant_post grit removal,CDC_VERILY,ID:2623,Treatment plant,2024-07-17,2024-01-08,2024-07-19T05:15:44.120Z,12000,0,6,0.0,No detection,37.075147,-122.007716,nvo,Santa Cruz,California
,CDC_VERILY_hi_2675_Treatment plant_raw wastewater,CDC_VERILY,ID:2675,Treatment plant,2024-07-17,2024-02-12,2024-07-20T21:49:17.392Z,47000,0,6,0.0,No detection,21.432869,-158.172476,nvo,Honolulu,Hawaii
,WWS_va_1828_Treatment plant_primary sludge,WWS,ID:1828,Treatment plant,2024-07-17,2023-03-01,2024-07-21T01:16:01.201Z,50000,0,8,0.0,No detection,38.331578,-77.43521799999999,hmpxv clade ii,Stafford,Virginia
,WWS_ca_1882_Treatment plant_post grit removal,WWS,ID:1882,Treatment plant,2024-06-28,2022-09-14,2024-07-07T01:25:43.911Z,42000,0,1,0.0,No recent data,36.819998,-121.39236,hmpxv clade ii,San Benito,California
,WWS_ca_1910_Treatment plant_post grit removal,WWS,ID:1910,Treatment plant,2024-07-17,2022-12-02,2024-07-21T01:16:01.201Z,86000,0,9,0.0,No detection,37.548325999999996,-120.844783,hmpxv clade ii,Stanislaus,California
,CDC_VERILY_ia_2488_Treatment plant_raw wastewater,CDC_VERILY,ID:2488,Treatment plant,2024-07-18,2023-11-21,2024-07-20T20:49:02.968Z,110000,0,7,0.0,No detection,42.469137,-96.340835,nvo,"Dakota, Woodbury, Union","Nebraska, Iowa, South Dakota"
,WWS_ms_2480_Treatment plant_post grit removal,WWS,ID:2480,Treatment plant,2024-07-11,2023-11-12,2024-07-18T01:19:51.003Z,34333,0,7,0.0,No detection,30.546965,-88.697422,hmpxv clade ii,Jackson,Mississippi
,WWS_ca_1690_Treatment plant_post grit removal,WWS,ID:1690,Treatment plant,2024-07-17,2022-08-28,2024-07-21T01:16:01.201Z,4000000,0,8,0.0,No detection,33.794194,-118.297022,hmpxv clade ii,Los Angeles,California
,WWS_ia_1791_Treatment plant_post grit removal,WWS,ID:1791,Treatment plant,2024-07-17,2022-12-16,2024-07-21T01:16:01.201Z,25529,0,9,0.0,No detection,41.039853,-92.41114700000001,hmpxv clade ii,Wapello,Iowa
,WWS_ca_1885_Treatment plant_primary sludge,WWS,ID:1885,Treatment plant,2024-07-18,2022-07-11,2024-07-21T01:16:01.201Z,31037,0,9,0.0,No detection,35.631477999999994,-120.689073,hmpxv clade ii,San Luis Obispo,California
,WWS_id_1879_Treatment plant_primary sludge,WWS,ID:1879,Treatment plant,2024-07-16,2022-07-08,2024-07-19T01:21:14.107Z,50540,0,7,0.0,No detection,47.719080999999996,-116.774509,hmpxv clade ii,Kootenai,Idaho
,NWSS_nj_2377_Treatment plant_raw wastewater,NWSS,ID:2377,Treatment plant,2024-07-10,2023-08-15,2024-07-23T16:03:29.000Z,47357,0,5,0.0,No detection,40.213390999999994,-74.080431,nvo,Monmouth,New Jersey
,WWS_ca_802_Treatment plant_post grit removal,WWS,ID:802 -B,Treatment plant,2024-06-30,2022-07-07,2024-07-07T01:25:43.911Z,160000,0,2,0.0,No recent data,37.043028,-122.114006,hmpxv clade ii,Santa Cruz,California
,NWSS_il_675_Before treatment plant_171_raw wastewater,NWSS,ID:675 -U1,Before treatment plant,2024-06-24,2023-02-27,2024-06-28T13:56:04.000Z,29370,0,4,0.0,No recent data,41.820329,-87.67604,nvo,Cook,Illinois
,WWS_nc_2605_Treatment plant_primary sludge,WWS,ID:2605,Treatment plant,2024-07-17,2023-09-18,2024-07-21T01:16:01.201Z,50000,0,9,0.0,No detection,35.716344,-77.936709,hmpxv clade ii,Wilson,North Carolina
,NWSS_wa_2104_Treatment plant_raw wastewater,NWSS,ID:2104,Treatment plant,2024-07-11,2023-04-06,2024-07-17T16:15:19.000Z,21761,0,4,0.0,No detection,47.029284,-120.49882000000001,hmpxv,Kittitas,Washington
,NWSS_wa_2438_Treatment plant_post grit removal,NWSS,ID:2438,Treatment plant,2024-07-10,2023-10-09,2024-07-17T16:15:19.000Z,162100,0,3,0.0,No detection,45.766149000000006,-122.63221800000001,hmpxv,Clark,Washington
,NWSS_il_675_Before treatment plant_17_raw wastewater,NWSS,ID:675 -U3,Before treatment plant,2024-06-24,2023-02-27,2024-06-28T13:56:04.000Z,83455,2,4,50.0,No recent data,41.806889,-87.67876,nvo,Cook,Illinois
,NWSS_wa_2444_Treatment plant_raw wastewater,NWSS,ID:2444,Treatment plant,2024-07-10,2023-09-18,2024-07-17T16:15:19.000Z,173800,0,4,0.0,No detection,47.985021,-122.205995,hmpxv,Snohomish,Washington
,NWSS_tx_2809_Treatment plant_raw wastewater,NWSS,ID:2809,Treatment plant,2024-07-10,2024-06-11,2024-07-16T13:51:09.000Z,13502,0,2,0.0,No recent data,32.362897,-102.51977500000001,hmpxv clade i,Andrews,Texas
,NWSS_wa_760_Treatment plant_raw wastewater,NWSS,ID:760,Treatment plant,2024-07-12,2022-10-24,2024-07-17T16:15:19.000Z,120000,0,5,0.0,No detection,47.613475,-117.511057,hmpxv,Spokane,Washington
,NWSS_nj_1605_Treatment plant_raw wastewater,NWSS,ID:1605,Treatment plant,2024-07-15,2023-01-30,2024-07-23T16:03:29.000Z,564563,0,5,0.0,No detection,40.936761000000004,-74.071709,hmpxv,Bergen,New Jersey
,NWSS_nj_2107_Treatment plant_raw wastewater,NWSS,ID:2107,Treatment plant,2024-07-11,2023-03-09,2024-07-23T16:03:29.000Z,30000,0,4,0.0,No detection,39.37,-75.16194,nvo,Cumberland,New Jersey
,CDC_VERILY_pa_2494_Treatment plant_raw wastewater,CDC_VERILY,ID:2494,Treatment plant,2024-07-22,2023-11-27,2024-07-24T05:51:15.286Z,45000,0,6,0.0,No detection,40.697953,-80.107877,nvo,Butler,Pennsylvania
,WWS_wv_2604_Treatment plant_primary sludge,WWS,ID:2604,Treatment plant,2024-07-17,2023-04-10,2024-07-21T01:16:01.201Z,100000,0,9,0.0,No detection,40.113102999999995,-80.638039,hmpxv clade ii,Ohio,West Virginia
,NWSS_wa_2753_Treatment plant_raw wastewater,NWSS,ID:2753,Treatment plant,2024-07-10,2023-09-18,2024-07-17T16:15:19.000Z,7125,0,4,0.0,No detection,48.072588,-122.09512,hmpxv,"Island, Snohomish",Washington
,WWS_il_1721_Treatment plant_post grit removal,WWS,ID:1721,Treatment plant,2024-07-17,2022-09-14,2024-07-21T01:16:01.201Z,63000,0,9,0.0,No detection,41.830118999999996,-88.09947600000001,hmpxv clade ii,Du Page,Illinois
,WWS_fl_2359_Before treatment plant_553_post grit removal,WWS,ID:2359,Before treatment plant,2024-07-17,2023-08-07,2024-07-21T01:16:01.201Z,47790,0,9,0.0,No detection,27.739008,-82.69471499999999,hmpxv clade ii,Pinellas,Florida
,WWS_hi_790_Treatment plant_post grit removal,WWS,ID:790 -B,Treatment plant,2024-07-17,2023-06-26,2024-07-21T01:16:01.201Z,390000,0,9,0.0,No detection,21.372619,-157.896939,hmpxv clade ii,Honolulu,Hawaii
,CDC_VERILY_md_1262_Treatment plant_post grit removal,CDC_VERILY,ID:1262,Treatment plant,2024-07-16,2022-11-16,2024-07-18T06:15:29.795Z,11802,0,3,0.0,No detection,38.920113,-76.537009,nvo,Anne Arundel,Maryland
,WWS_ca_1869_Treatment plant_post grit removal,WWS,ID:1869,Treatment plant,2024-07-17,2023-01-25,2024-07-21T01:16:01.201Z,350000,0,9,0.0,No detection,33.744206,-116.064097,hmpxv clade ii,Riverside,California
,NWSS_nj_2400_Treatment plant_raw wastewater,NWSS,ID:2400,Treatment plant,2024-07-09,2023-08-29,2024-07-23T16:03:29.000Z,5500,0,2,0.0,No recent data,39.630777,-75.288743,hmpxv,Salem,New Jersey
,CDC_VERILY_sc_2564_Treatment plant_post grit removal,CDC_VERILY,ID:2564,Treatment plant,2024-07-22,2024-01-02,2024-07-24T05:51:15.286Z,12000,0,7,0.0,No detection,33.857935,-78.954167,nvo,Horry,South Carolina
,CDC_VERILY_la_1651_Treatment plant_post grit removal,CDC_VERILY,ID:1651,Treatment plant,2024-07-22,2022-11-29,2024-07-24T05:51:15.286Z,5000,0,7,0.0,No detection,30.24116,-92.030439,nvo,Lafayette,Louisiana
,WWS_nj_2222_Treatment plant_primary sludge,WWS,ID:2222,Treatment plant,2024-07-17,2023-04-28,2024-07-21T01:16:01.201Z,100000,0,9,0.0,No detection,40.428238,-74.194847,hmpxv clade ii,Monmouth,New Jersey
,WWS_ca_2783_Treatment plant_post grit removal,WWS,ID:2783,Treatment plant,2024-07-17,2022-07-10,2024-07-21T01:16:01.201Z,3500000,0,9,0.0,No detection,33.819357,-118.26739400000001,hmpxv clade ii,Los Angeles,California
,WWS_ca_363_Treatment plant_primary sludge,WWS,ID:363,Treatment plant,2024-07-20,2023-02-20,2024-07-23T01:24:21.131Z,750000,0,24,0.0,No detection,37.735029999999995,-122.377897,hmpxv clade ii,"San Francisco, San Mateo",California
,NWSS_wa_2445_Treatment plant_raw wastewater,NWSS,ID:2445,Treatment plant,2024-07-11,2023-10-03,2024-07-17T16:15:19.000Z,35600,0,4,0.0,No detection,48.444608,-122.20950400000001,hmpxv,Skagit,Washington
,WWS_ca_305_Treatment plant_primary sludge,WWS,ID:305,Treatment plant,2024-07-19,2023-02-19,2024-07-23T01:24:21.131Z,236000,0,23,0.0,No detection,37.463338,-122.14620500000001,hmpxv clade ii,Santa Clara,California
,NWSS_nj_2352_Treatment plant_raw wastewater,NWSS,ID:2352,Treatment plant,2024-07-11,2023-06-06,2024-07-23T16:03:29.000Z,30000,0,5,0.0,No detection,39.360361000000005,-75.04198000000001,hmpxv,Cumberland,New Jersey
,NWSS_wa_1143_Treatment plant_raw wastewater,NWSS,ID:1143,Treatment plant,2024-07-11,2022-10-24,2024-07-17T16:15:19.000Z,43000,0,4,0.0,No detection,47.211382,-122.323068,hmpxv,Pierce,Washington
,WWS_ut_1877_Treatment plant_primary sludge,WWS,ID:1877,Treatment plant,2024-07-17,2022-10-31,2024-07-21T01:16:01.201Z,600000,0,9,0.0,No detection,40.636217,-111.904408,hmpxv clade ii,Salt Lake,Utah
,NWSS_tx_2812_Treatment plant_raw wastewater,NWSS,ID:2812,Treatment plant,2024-07-10,2024-06-11,2024-07-16T13:51:09.000Z,70000,0,2,0.0,No recent data,26.337244000000002,-98.22912799999999,hmpxv clade i,Hidalgo,Texas
,WWS_tx_2325_Treatment plant_post grit removal,WWS,ID:2325,Treatment plant,2024-07-17,2023-06-28,2024-07-21T01:16:01.201Z,270000,0,9,0.0,No detection,32.738881,-96.793919,hmpxv clade ii,Dallas,Texas
,CDC_VERILY_ca_2680_Treatment plant_post grit removal,CDC_VERILY,ID:2680,Treatment plant,2024-07-15,2024-03-01,2024-07-19T05:15:44.120Z,237800,0,6,0.0,No detection,38.400313000000004,-122.736129,nvo,Sonoma,California
,WWS_fl_781_Treatment plant_post grit removal,WWS,ID:781 -B,Treatment plant,2024-07-17,2023-01-16,2024-07-21T01:16:01.201Z,776150,0,9,0.0,No detection,25.946419000000002,-80.136107,hmpxv clade ii,Miami-Dade,Florida
,WWS_ca_779_Treatment plant_post grit removal,WWS,ID:779 -B,Treatment plant,2024-06-27,2022-09-12,2024-06-30T01:20:03.399Z,200000,0,1,0.0,No recent data,33.780114,-118.287342,hmpxv clade ii,Los Angeles,California
,NWSS_nc_94_Treatment plant_raw wastewater,NWSS,ID:94,Treatment plant,2024-06-06,2023-10-30,2024-06-14T16:25:16.000Z,120000,0,2,0.0,No recent data,35.318191,-80.75787899999999,nvo,Mecklenburg,North Carolina
,NWSS_wa_1635_Treatment plant_raw wastewater,NWSS,ID:1635,Treatment plant,2024-07-11,2022-10-30,2024-07-17T16:15:19.000Z,117072,0,4,0.0,No detection,46.636316,-120.72755699999999,hmpxv,Yakima,Washington
,CDC_VERILY_ca_2638_Treatment plant_post grit removal,CDC_VERILY,ID:2638,Treatment plant,2024-07-16,2024-01-29,2024-07-19T05:15:44.120Z,30000,0,5,0.0,No detection,38.923587,-120.04355199999999,nvo,El Dorado,California
,CDC_VERILY_ks_2670_Treatment plant_raw wastewater,CDC_VERILY,ID:2670,Treatment plant,2024-07-17,2023-11-13,2024-07-20T21:49:17.392Z,95000,0,5,0.0,No detection,39.075757,-95.629877,nvo,Shawnee,Kansas
,WWS_nj_2619_Treatment plant_post grit removal,WWS,ID:2619,Treatment plant,2024-07-15,2023-05-15,2024-07-18T01:19:51.003Z,130000,0,7,0.0,No detection,40.595222,-74.618238,hmpxv clade ii,Somerset,New Jersey
,CDC_VERILY_ar_2631_Treatment plant_post grit removal,CDC_VERILY,ID:2631,Treatment plant,2024-07-17,2024-01-09,2024-07-20T20:49:02.968Z,25000,0,6,0.0,No detection,36.113502,-90.560132,nvo,Greene,Arkansas
,CDC_VERILY_me_65_Treatment plant_raw wastewater,CDC_VERILY,ID:65,Treatment plant,2024-07-18,2022-11-29,2024-07-20T21:49:17.392Z,2222,0,6,0.0,No detection,43.957527,-69.507161,nvo,Lincoln,Maine
,CDC_VERILY_fl_671_Treatment plant_raw wastewater,CDC_VERILY,ID:671,Treatment plant,2024-07-21,2024-01-07,2024-07-24T05:51:15.286Z,463672,0,6,0.0,No detection,28.462317,-81.47668,nvo,Orange,Florida
,CDC_VERILY_la_2665_Treatment plant_post grit removal,CDC_VERILY,ID:2665,Treatment plant,2024-07-18,2024-02-23,2024-07-20T21:49:17.392Z,15000,0,6,0.0,No detection,30.353479,-89.969735,nvo,Saint Tammany,Louisiana
,NWSS_wa_351_Treatment plant_raw wastewater,NWSS,ID:351,Treatment plant,2024-07-11,2023-10-03,2024-07-17T16:15:19.000Z,120000,0,4,0.0,No detection,45.755517000000005,-122.692481,hmpxv,Clark,Washington
,WWS_mn_2263_Treatment plant_primary sludge,WWS,ID:2263,Treatment plant,2024-07-17,2023-05-08,2024-07-21T01:16:01.201Z,16000,0,9,0.0,No detection,44.512309,-92.532054,hmpxv clade ii,Goodhue,Minnesota
,WWS_la_2618_Treatment plant_post grit removal,WWS,ID:2618,Treatment plant,2024-07-17,2023-11-27,2024-07-21T01:16:01.201Z,50591,0,9,0.0,No detection,29.915513,-89.957843,hmpxv clade ii,Orleans,Louisiana
,NWSS_nc_334_Treatment plant_raw wastewater,NWSS,ID:334,Treatment plant,2024-06-06,2023-12-21,2024-06-14T16:25:16.000Z,30655,0,2,0.0,No recent data,35.856121,-78.574894,nvo,Wake,North Carolina
,CDC_VERILY_ar_1542_Treatment plant_post grit removal,CDC_VERILY,ID:1542,Treatment plant,2024-07-22,2022-11-08,2024-07-24T05:20:17.101Z,30377,0,7,0.0,No detection,34.769031,-92.16276500000001,nvo,Pulaski,Arkansas
,NWSS_nc_92_Treatment plant_raw wastewater,NWSS,ID:92,Treatment plant,2024-06-06,2023-10-30,2024-06-14T16:25:16.000Z,68685,0,2,0.0,No recent data,35.403791,-80.861457,nvo,Mecklenburg,North Carolina
,NWSS_tx_2807_Treatment plant_raw wastewater,NWSS,ID:2807,Treatment plant,2024-07-10,2024-06-25,2024-07-16T13:51:09.000Z,112193,0,4,0.0,No detection,29.939837999999998,-94.179734,hmpxv clade i,Jefferson,Texas
,CDC_VERILY_nc_2596_Treatment plant_post grit removal,CDC_VERILY,ID:2596,Treatment plant,2024-07-22,2023-12-06,2024-07-24T05:51:15.286Z,10000,0,7,0.0,No detection,34.77531,-77.930187,nvo,"Pender, Duplin",North Carolina
,NWSS_wa_676_Treatment plant_post grit removal,NWSS,ID:676,Treatment plant,2024-07-10,2023-09-18,2024-07-17T16:15:19.000Z,288000,0,4,0.0,No detection,47.739341,-122.094234,hmpxv,"King, Snohomish",Washington
,WWS_in_1738_Treatment plant_post grit removal,WWS,ID:1738,Treatment plant,2024-07-17,2022-10-26,2024-07-21T01:16:01.201Z,25000,0,9,0.0,No detection,38.414629000000005,-85.727468,hmpxv clade ii,Clark,Indiana
,WWS_wa_2602_Treatment plant_post grit removal,WWS,ID:2602,Treatment plant,2024-07-17,2023-10-18,2024-07-21T01:16:01.201Z,10150,0,9,0.0,No detection,47.946318,-122.02520200000001,hmpxv clade ii,Snohomish,Washington
,WWS_ct_2603_Treatment plant_post grit removal,WWS,ID:2603,Treatment plant,2024-07-17,2023-10-27,2024-07-21T01:16:01.201Z,140000,0,9,0.0,No detection,41.070836,-73.550757,hmpxv clade ii,Fairfield,Connecticut
,NWSS_nj_2351_Treatment plant_raw wastewater,NWSS,ID:2351,Treatment plant,2024-07-16,2023-05-02,2024-07-23T16:03:29.000Z,19980,0,5,0.0,No detection,39.956931999999995,-74.98412300000001,nvo,Burlington,New Jersey
,WWS_ga_1697_Treatment plant_post grit removal,WWS,ID:1697,Treatment plant,2024-07-17,2022-07-11,2024-07-21T01:16:01.201Z,12818,0,9,0.0,No detection,34.117358,-84.472867,hmpxv clade ii,Fulton,Georgia
,WWS_ca_1766_Treatment plant_post grit removal,WWS,ID:1766,Treatment plant,2024-06-27,2022-12-02,2024-07-07T01:25:43.911Z,7286,0,1,0.0,No recent data,38.633288,-121.91931600000001,hmpxv clade ii,Yolo,California
,CDC_VERILY_tx_1140_Treatment plant_post grit removal,CDC_VERILY,ID:1140,Treatment plant,2024-07-17,2022-10-17,2024-07-20T21:49:17.392Z,539116,0,5,0.0,No detection,30.293148,-97.629151,nvo,Travis,Texas
,CDC_VERILY_me_2077_Treatment plant_post grit removal,CDC_VERILY,ID:2077,Treatment plant,2024-07-18,2023-03-27,2024-07-20T20:49:02.968Z,20000,0,6,0.0,No detection,45.067528,-68.745721,nvo,Penobscot,Maine
,NWSS_wa_1076_Treatment plant_raw wastewater,NWSS,ID:1076,Treatment plant,2024-07-11,2022-10-24,2024-07-17T16:15:19.000Z,35550,0,4,0.0,No detection,47.575416000000004,-120.362284,hmpxv,Chelan,Washington
,WWS_ca_1760_Treatment plant_post grit removal,WWS,ID:1760,Treatment plant,2024-06-28,2022-12-02,2024-07-07T01:25:43.911Z,4006,0,1,0.0,No recent data,38.776748999999995,-122.11264399999999,hmpxv clade ii,Yolo,California
,WWS_fl_1631_Treatment plant_post grit removal,WWS,ID:1631 -B,Treatment plant,2024-07-14,2022-10-27,2024-07-18T01:19:51.003Z,50000,0,6,0.0,No detection,28.468581,-81.501983,hmpxv clade ii,Orange,Florida
,CDC_VERILY_me_2498_Treatment plant_post grit removal,CDC_VERILY,ID:2498,Treatment plant,2024-07-17,2023-11-21,2024-07-20T21:49:17.392Z,8500,0,6,0.0,No detection,43.809307,-70.16717899999999,nvo,Cumberland,Maine
,WWS_ca_2590_Treatment plant_post grit removal,WWS,ID:2590,Treatment plant,2024-06-27,2022-09-27,2024-06-30T01:20:03.399Z,50000,0,1,0.0,No recent data,37.711549,-122.147181,hmpxv clade ii,Alameda,California
,CDC_VERILY_ca_2685_Treatment plant_post grit removal,CDC_VERILY,ID:2685,Treatment plant,2024-07-16,2024-03-12,2024-07-18T05:30:35.391Z,15000,0,3,0.0,No detection,35.455193,-120.72309899999999,nvo,San Luis Obispo,California
,WWS_ca_1695_Treatment plant_post grit removal,WWS,ID:1695,Treatment plant,2024-06-26,2022-08-08,2024-06-30T01:20:03.399Z,30000,0,13,0.0,No recent data,38.045722,-122.57385,hmpxv clade ii,Marin,California
,CDC_VERILY_tx_2661_Treatment plant_raw wastewater,CDC_VERILY,ID:2661,Treatment plant,2024-07-22,2024-02-05,2024-07-24T05:51:15.286Z,30000,0,7,0.0,No detection,27.63269,-99.58464400000001,nvo,Webb,Texas
,NWSS_wa_1397_Treatment plant_post grit removal,NWSS,ID:1397,Treatment plant,2024-07-12,2022-10-26,2024-07-17T16:15:19.000Z,295855,0,5,0.0,No detection,47.17857,-122.536455,hmpxv,Pierce,Washington
,NWSS_nj_2356_Treatment plant_raw wastewater,NWSS,ID:2356,Treatment plant,2024-07-11,2023-06-21,2024-07-23T16:03:29.000Z,22181,0,3,0.0,No detection,40.796409999999995,-74.057115,hmpxv,Hudson,New Jersey
,WWS_pa_1667_Treatment plant_post grit removal,WWS,ID:1667,Treatment plant,2024-07-14,2022-08-02,2024-07-19T01:21:14.107Z,125000,0,8,0.0,No detection,40.246759,-76.853824,hmpxv clade ii,Dauphin,Pennsylvania
,WWS_mi_1890_Treatment plant_post grit removal,WWS,ID:1890,Treatment plant,2024-07-18,2022-09-27,2024-07-21T01:16:01.201Z,140000,0,9,0.0,No detection,42.506325999999994,-82.999853,hmpxv clade ii,Macomb,Michigan
,WWS_oh_1891_Treatment plant_primary sludge,WWS,ID:1891,Treatment plant,2024-07-17,2022-12-14,2024-07-21T01:16:01.201Z,174000,0,9,0.0,No detection,41.082192000000006,-80.642026,hmpxv clade ii,Mahoning,Ohio
,NWSS_nc_166_Treatment plant_raw wastewater,NWSS,ID:166,Treatment plant,2024-06-07,2023-12-22,2024-06-14T16:25:16.000Z,135821,0,2,0.0,No recent data,36.106309,-79.66480899999999,nvo,Guilford,North Carolina
,WWS_ut_1708_Treatment plant_post grit removal,WWS,ID:1708,Treatment plant,2024-07-17,2022-09-19,2024-07-21T01:16:01.201Z,115000,0,4,0.0,No detection,40.228105,-111.64223299999999,hmpxv clade ii,Utah,Utah
,CDC_VERILY_md_1284_Treatment plant_post grit removal,CDC_VERILY,ID:1284,Treatment plant,2024-07-18,2022-11-16,2024-07-20T20:49:02.968Z,78365,0,6,0.0,No detection,39.06644,-76.62781700000001,nvo,Anne Arundel,Maryland
,WWS_ks_1895_Treatment plant_post grit removal,WWS,ID:1895,Treatment plant,2024-07-17,2022-08-01,2024-07-21T01:16:01.201Z,80000,0,9,0.0,No detection,38.879082,-95.318133,hmpxv clade ii,Douglas,Kansas
,NWSS_tx_1934_Treatment plant_raw wastewater,NWSS,ID:1934,Treatment plant,2024-07-10,2023-06-11,2024-07-16T13:51:09.000Z,203344,0,2,0.0,No recent data,31.473329999999997,-97.101766,hmpxv clade i,Mclennan,Texas
,NWSS_il_635_Before treatment plant_524_raw wastewater,NWSS,ID:635 -U1,Before treatment plant,2024-06-24,2023-02-27,2024-06-28T13:56:04.000Z,3816,1,4,25.0,No recent data,41.811729,-87.69768,hmpxv clade ii,Cook,Illinois
,WWS_tn_2288_Treatment plant_post grit removal,WWS,ID:2288,Treatment plant,2024-07-17,2023-06-12,2024-07-21T01:16:01.201Z,400000,0,9,0.0,No detection,35.084584,-85.32719499999999,hmpxv clade ii,"Catoosa, Walker, Dade, Hamilton","Tennessee, Georgia"
,CDC_VERILY_wy_2502_Treatment plant_post grit removal,CDC_VERILY,ID:2502,Treatment plant,2024-07-17,2023-11-28,2024-07-19T05:15:44.120Z,18000,0,6,0.0,No detection,44.790858,-106.83816300000001,nvo,Sheridan,Wyoming
,WWS_vt_1751_Treatment plant_post grit removal,WWS,ID:1751 -B,Treatment plant,2024-07-18,2023-03-21,2024-07-21T01:16:01.201Z,16000,0,6,0.0,No detection,44.450199,-73.10663799999999,hmpxv clade ii,Chittenden,Vermont
,WWS_me_2611_Treatment plant_post grit removal,WWS,ID:2611,Treatment plant,2024-07-17,2023-09-14,2024-07-21T01:16:01.201Z,60000,0,8,0.0,No detection,44.087163,-70.172177,hmpxv clade ii,Androscoggin,Maine
,CDC_VERILY_al_2629_Treatment plant_post grit removal,CDC_VERILY,ID:2629,Treatment plant,2024-07-16,2023-12-26,2024-07-18T06:15:29.795Z,70000,0,5,0.0,No detection,32.594796,-85.515353,nvo,Lee,Alabama
,CDC_VERILY_dc_2781_Treatment plant_post grit removal,CDC_VERILY,ID:2781,Treatment plant,2024-07-15,2024-05-28,2024-07-19T05:15:44.120Z,1600000,0,5,0.0,No detection,38.84444,-76.992097,nvo,District Of Columbia,District of Columbia
,WWS_ca_1790_Treatment plant_post grit removal,WWS,ID:1790,Treatment plant,2024-06-28,2022-12-21,2024-07-07T01:25:43.911Z,120000,0,1,0.0,No recent data,33.475903,-117.705686,hmpxv clade ii,Orange,California
,WWS_mi_2208_Treatment plant_post grit removal,WWS,ID:2208,Treatment plant,2024-07-17,2023-04-09,2024-07-21T01:16:01.201Z,21690,0,9,0.0,No detection,43.637415,-84.810231,hmpxv clade ii,Isabella,Michigan
,NWSS_wa_2419_Treatment plant_post grit removal,NWSS,ID:2419,Treatment plant,2024-07-10,2023-09-18,2024-07-17T16:15:19.000Z,896000,0,4,0.0,No detection,47.437211,-121.800388,hmpxv,"King, Pierce",Washington
,NWSS_nc_271_Treatment plant_raw wastewater,NWSS,ID:271,Treatment plant,2024-06-07,2024-02-09,2024-06-14T16:25:16.000Z,173000,0,2,0.0,No recent data,35.629072,-82.586426,nvo,"Buncombe, Henderson",North Carolina
,CDC_VERILY_fl_1631_Treatment plant_raw wastewater,CDC_VERILY,ID:1631 -A,Treatment plant,2024-07-21,2023-01-04,2024-07-24T05:51:15.286Z,80000,0,5,0.0,No detection,28.469021,-81.51030300000001,nvo,Orange,Florida
,WWS_al_1716_Treatment plant_post grit removal,WWS,ID:1716,Treatment plant,2024-07-17,2022-08-12,2024-07-21T01:16:01.201Z,30000,0,8,0.0,No detection,33.72852,-86.634641,hmpxv clade ii,Jefferson,Alabama
,CDC_VERILY_tn_2690_Treatment plant_raw wastewater,CDC_VERILY,ID:2690,Treatment plant,2024-07-18,2024-03-13,2024-07-20T21:49:17.392Z,3710,0,7,0.0,No detection,35.399561999999996,-88.64795099999999,nvo,Chester,Tennessee
,WWS_ca_495_Treatment plant_post grit removal,WWS,ID:495 -B,Treatment plant,2024-07-18,2022-12-08,2024-07-21T01:16:01.201Z,60000,0,7,0.0,No detection,36.98929,-121.75664,hmpxv clade ii,Santa Cruz,California
,WWS_ca_1905_Treatment plant_primary sludge,WWS,ID:1905,Treatment plant,2024-06-20,2022-12-12,2024-06-26T01:17:47.478Z,30000,0,10,0.0,No recent data,37.895604999999996,-122.56921700000001,hmpxv clade ii,Marin,California
,NWSS_nj_2373_Treatment plant_raw wastewater,NWSS,ID:2373,Treatment plant,2024-07-11,2023-08-01,2024-07-23T16:03:29.000Z,9440,0,4,0.0,No detection,40.532500000000006,-74.852934,nvo,Hunterdon,New Jersey
,CDC_VERILY_ca_2684_Treatment plant_primary sludge,CDC_VERILY,ID:2684,Treatment plant,2024-07-16,2024-03-10,2024-07-19T05:15:44.120Z,164000,0,11,0.0,No detection,37.052788,-122.115206,nvo,Santa Cruz,California
,WWS_nj_1616_Treatment plant_post grit removal,WWS,ID:1616 -B,Treatment plant,2024-07-17,2023-04-11,2024-07-21T01:16:01.201Z,50000,0,9,0.0,No detection,40.271438,-74.019462,hmpxv clade ii,Monmouth,New Jersey
,CDC_VERILY_ct_2645_Treatment plant_raw wastewater,CDC_VERILY,ID:2645,Treatment plant,2024-07-18,2024-02-06,2024-07-20T20:49:02.968Z,52268,0,7,0.0,No detection,41.167766,-73.14269399999999,nvo,Fairfield,Connecticut
,NWSS_nj_1453_Treatment plant_raw wastewater,NWSS,ID:1453,Treatment plant,2024-07-11,2023-02-01,2024-07-23T16:03:29.000Z,47000,0,5,0.0,No detection,40.261581,-74.121174,hmpxv,Monmouth,New Jersey
,WWS_ca_1887_Treatment plant_primary sludge,WWS,ID:1887,Treatment plant,2024-06-28,2022-07-07,2024-07-11T01:18:12.262Z,150000,0,1,0.0,No recent data,37.549893999999995,-122.26181799999999,hmpxv clade ii,San Mateo,California
,CDC_VERILY_ar_2686_Treatment plant_raw wastewater,CDC_VERILY,ID:2686,Treatment plant,2024-07-17,2024-03-11,2024-07-20T20:49:02.968Z,38000,0,4,0.0,No detection,34.519321,-92.966137,nvo,Garland,Arkansas
,NWSS_tx_2811_Treatment plant_raw wastewater,NWSS,ID:2811,Treatment plant,2024-07-10,2024-06-11,2024-07-16T13:51:09.000Z,34000,0,2,0.0,No recent data,30.283155999999998,-94.218642,hmpxv clade i,Hardin,Texas
,WWS_ny_2601_Treatment plant_post grit removal,WWS,ID:2601,Treatment plant,2024-07-15,2023-07-31,2024-07-21T01:16:01.201Z,30000,0,8,0.0,No detection,43.463747999999995,-76.343692,hmpxv clade ii,Oswego,New York
,CDC_VERILY_va_2648_Treatment plant_post grit removal,CDC_VERILY,ID:2648,Treatment plant,2024-07-17,2024-02-12,2024-07-20T20:49:02.968Z,63000,0,5,0.0,No detection,36.644925,-79.843132,nvo,"Martinsville City, Henry",Virginia
,CDC_VERILY_md_1260_Treatment plant_post grit removal,CDC_VERILY,ID:1260,Treatment plant,2024-07-18,2022-11-16,2024-07-20T21:49:17.392Z,89319,0,7,0.0,No detection,39.017961,-76.577357,nvo,Anne Arundel,Maryland
,WWS_ia_1884_Treatment plant_post grit removal,WWS,ID:1884,Treatment plant,2024-07-16,2023-01-22,2024-07-21T01:16:01.201Z,27400,0,9,0.0,No detection,42.024456,-92.98746700000001,hmpxv clade ii,Marshall,Iowa
,WWS_ne_2614_Treatment plant_post grit removal,WWS,ID:2614,Treatment plant,2024-07-17,2023-08-02,2024-07-21T01:16:01.201Z,60000,0,9,0.0,No detection,40.853941,-96.72207399999999,hmpxv clade ii,Lancaster,Nebraska
,CDC_VERILY_hi_2668_Treatment plant_post grit removal,CDC_VERILY,ID:2668,Treatment plant,2024-07-17,2024-02-12,2024-07-20T20:49:02.968Z,340000,0,6,0.0,No detection,21.343950000000003,-158.01079,nvo,Honolulu,Hawaii
,NWSS_nj_784_Treatment plant_post grit removal,NWSS,ID:784,Treatment plant,2024-07-15,2023-01-30,2024-07-23T16:03:29.000Z,880000,0,4,0.0,No detection,40.459638,-74.345952,hmpxv,"Middlesex, Somerset, Union",New Jersey
,CDC_VERILY_hi_2484_Treatment plant_post grit removal,CDC_VERILY,ID:2484,Treatment plant,2024-07-17,2023-11-20,2024-07-19T05:15:44.120Z,32604,0,6,0.0,No detection,19.568959,-155.25987,nvo,Hawaii,Hawaii
,WWS_mn_2616_Treatment plant_post grit removal,WWS,ID:2616,Treatment plant,2024-07-17,2023-04-03,2024-07-21T01:16:01.201Z,120000,0,9,0.0,No detection,45.526236000000004,-94.329419,hmpxv clade ii,"Sherburne, Benton, Stearns",Minnesota
,NWSS_tx_2817_Treatment plant_raw wastewater,NWSS,ID:2817,Treatment plant,2024-06-05,2024-05-21,2024-07-16T13:51:09.000Z,1000000,0,2,0.0,No recent data,32.765719999999995,-97.140289,hmpxv clade ii,Tarrant,Texas
,WWS_md_561_Treatment plant_post grit removal,WWS,ID:561 -B,Treatment plant,2024-07-17,2022-12-14,2024-07-21T01:16:01.201Z,90000,0,9,0.0,No detection,39.59031,-77.698413,hmpxv clade ii,Washington,Maryland